"film_id","category_id","last_update"
56,11,"2022-02-15 10:07:09+00"
62,5,"2022-02-15 10:07:09+00"
95,6,"2022-02-15 10:07:09+00"
39,8,"2022-02-15 10:07:09+00"
5,9,"2022-02-15 10:07:09+00"
37,1,"2022-02-15 10:07:09+00"
2,1,"2022-02-15 10:07:09+00"
58,14,"2022-02-15 10:07:09+00"
12,1,"2022-02-15 10:07:09+00"
92,12,"2022-02-15 10:07:09+00"
93,9,"2022-02-15 10:07:09+00"
94,10,"2022-02-15 10:07:09+00"
77,3,"2022-02-15 10:07:09+00"
57,11,"2022-02-15 10:07:09+00"
106,2,"2022-02-15 10:07:09+00"
99,12,"2022-02-15 10:07:09+00"
100,2,"2022-02-15 10:07:09+00"
85,15,"2022-02-15 10:07:09+00"
43,14,"2022-02-15 10:07:09+00"
35,4,"2022-02-15 10:07:09+00"
65,8,"2022-02-15 10:07:09+00"
61,8,"2022-02-15 10:07:09+00"
75,7,"2022-02-15 10:07:09+00"
25,1,"2022-02-15 10:07:09+00"
55,3,"2022-02-15 10:07:09+00"
86,3,"2022-02-15 10:07:09+00"
31,6,"2022-02-15 10:07:09+00"
3,13,"2022-02-15 10:07:09+00"
73,9,"2022-02-15 10:07:09+00"
18,7,"2022-02-15 10:07:09+00"
13,4,"2022-02-15 10:07:09+00"
54,9,"2022-02-15 10:07:09+00"
64,11,"2022-02-15 10:07:09+00"
45,7,"2022-02-15 10:07:09+00"
84,16,"2022-02-15 10:07:09+00"
48,16,"2022-02-15 10:07:09+00"
1,10,"2022-02-15 10:07:09+00"
40,14,"2022-02-15 10:07:09+00"
60,5,"2022-02-15 10:07:09+00"
97,9,"2022-02-15 10:07:09+00"
46,15,"2022-02-15 10:07:09+00"
81,2,"2022-02-15 10:07:09+00"
27,4,"2022-02-15 10:07:09+00"
104,13,"2022-02-15 10:07:09+00"
24,6,"2022-02-15 10:07:09+00"
70,10,"2022-02-15 10:07:09+00"
96,13,"2022-02-15 10:07:09+00"
33,15,"2022-02-15 10:07:09+00"
34,7,"2022-02-15 10:07:09+00"
50,8,"2022-02-15 10:07:09+00"
10,3,"2022-02-15 10:07:09+00"
78,5,"2022-02-15 10:07:09+00"
49,12,"2022-02-15 10:07:09+00"
16,2,"2022-02-15 10:07:09+00"
98,2,"2022-02-15 10:07:09+00"
42,11,"2022-02-15 10:07:09+00"
41,16,"2022-02-15 10:07:09+00"
53,4,"2022-02-15 10:07:09+00"
213,2,"2022-02-15 10:07:09+00"
6,13,"2022-02-15 10:07:09+00"
105,10,"2022-02-15 10:07:09+00"
30,11,"2022-02-15 10:07:09+00"
7,1,"2022-02-15 10:07:09+00"
32,6,"2022-02-15 10:07:09+00"
103,12,"2022-02-15 10:07:09+00"
89,7,"2022-02-15 10:07:09+00"
15,5,"2022-02-15 10:07:09+00"
29,14,"2022-02-15 10:07:09+00"
38,13,"2022-02-15 10:07:09+00"
88,7,"2022-02-15 10:07:09+00"
82,2,"2022-02-15 10:07:09+00"
8,12,"2022-02-15 10:07:09+00"
11,8,"2022-02-15 10:07:09+00"
83,5,"2022-02-15 10:07:09+00"
20,14,"2022-02-15 10:07:09+00"
102,3,"2022-02-15 10:07:09+00"
22,11,"2022-02-15 10:07:09+00"
79,16,"2022-02-15 10:07:09+00"
4,8,"2022-02-15 10:07:09+00"
90,15,"2022-02-15 10:07:09+00"
76,1,"2022-02-15 10:07:09+00"
69,11,"2022-02-15 10:07:09+00"
47,4,"2022-02-15 10:07:09+00"
14,15,"2022-02-15 10:07:09+00"
28,10,"2022-02-15 10:07:09+00"
91,10,"2022-02-15 10:07:09+00"
71,13,"2022-02-15 10:07:09+00"
101,12,"2022-02-15 10:07:09+00"
52,10,"2022-02-15 10:07:09+00"
59,14,"2022-02-15 10:07:09+00"
23,6,"2022-02-15 10:07:09+00"
63,6,"2022-02-15 10:07:09+00"
87,15,"2022-02-15 10:07:09+00"
68,9,"2022-02-15 10:07:09+00"
51,6,"2022-02-15 10:07:09+00"
80,5,"2022-02-15 10:07:09+00"
26,7,"2022-02-15 10:07:09+00"
17,8,"2022-02-15 10:07:09+00"
19,4,"2022-02-15 10:07:09+00"
44,16,"2022-02-15 10:07:09+00"
67,5,"2022-02-15 10:07:09+00"
9,3,"2022-02-15 10:07:09+00"
36,3,"2022-02-15 10:07:09+00"
66,9,"2022-02-15 10:07:09+00"
74,1,"2022-02-15 10:07:09+00"
21,4,"2022-02-15 10:07:09+00"
72,16,"2022-02-15 10:07:09+00"
173,9,"2022-02-15 10:07:09+00"
160,14,"2022-02-15 10:07:09+00"
144,2,"2022-02-15 10:07:09+00"
119,15,"2022-02-15 10:07:09+00"
135,9,"2022-02-15 10:07:09+00"
130,7,"2022-02-15 10:07:09+00"
198,6,"2022-02-15 10:07:09+00"
107,15,"2022-02-15 10:07:09+00"
126,3,"2022-02-15 10:07:09+00"
156,1,"2022-02-15 10:07:09+00"
205,2,"2022-02-15 10:07:09+00"
201,10,"2022-02-15 10:07:09+00"
162,10,"2022-02-15 10:07:09+00"
197,5,"2022-02-15 10:07:09+00"
172,5,"2022-02-15 10:07:09+00"
141,14,"2022-02-15 10:07:09+00"
199,3,"2022-02-15 10:07:09+00"
200,13,"2022-02-15 10:07:09+00"
155,6,"2022-02-15 10:07:09+00"
184,1,"2022-02-15 10:07:09+00"
196,6,"2022-02-15 10:07:09+00"
154,12,"2022-02-15 10:07:09+00"
158,7,"2022-02-15 10:07:09+00"
139,8,"2022-02-15 10:07:09+00"
206,11,"2022-02-15 10:07:09+00"
164,15,"2022-02-15 10:07:09+00"
142,12,"2022-02-15 10:07:09+00"
122,16,"2022-02-15 10:07:09+00"
178,6,"2022-02-15 10:07:09+00"
159,15,"2022-02-15 10:07:09+00"
124,4,"2022-02-15 10:07:09+00"
123,14,"2022-02-15 10:07:09+00"
211,11,"2022-02-15 10:07:09+00"
140,15,"2022-02-15 10:07:09+00"
179,8,"2022-02-15 10:07:09+00"
163,11,"2022-02-15 10:07:09+00"
171,7,"2022-02-15 10:07:09+00"
204,16,"2022-02-15 10:07:09+00"
181,2,"2022-02-15 10:07:09+00"
134,4,"2022-02-15 10:07:09+00"
166,9,"2022-02-15 10:07:09+00"
108,3,"2022-02-15 10:07:09+00"
208,13,"2022-02-15 10:07:09+00"
212,12,"2022-02-15 10:07:09+00"
127,1,"2022-02-15 10:07:09+00"
114,3,"2022-02-15 10:07:09+00"
186,8,"2022-02-15 10:07:09+00"
203,13,"2022-02-15 10:07:09+00"
161,1,"2022-02-15 10:07:09+00"
207,7,"2022-02-15 10:07:09+00"
183,14,"2022-02-15 10:07:09+00"
176,13,"2022-02-15 10:07:09+00"
188,15,"2022-02-15 10:07:09+00"
195,9,"2022-02-15 10:07:09+00"
116,10,"2022-02-15 10:07:09+00"
147,15,"2022-02-15 10:07:09+00"
169,9,"2022-02-15 10:07:09+00"
120,10,"2022-02-15 10:07:09+00"
115,4,"2022-02-15 10:07:09+00"
157,13,"2022-02-15 10:07:09+00"
137,5,"2022-02-15 10:07:09+00"
174,14,"2022-02-15 10:07:09+00"
149,3,"2022-02-15 10:07:09+00"
136,16,"2022-02-15 10:07:09+00"
191,16,"2022-02-15 10:07:09+00"
113,1,"2022-02-15 10:07:09+00"
209,5,"2022-02-15 10:07:09+00"
202,4,"2022-02-15 10:07:09+00"
180,4,"2022-02-15 10:07:09+00"
132,8,"2022-02-15 10:07:09+00"
148,16,"2022-02-15 10:07:09+00"
194,1,"2022-02-15 10:07:09+00"
167,13,"2022-02-15 10:07:09+00"
109,8,"2022-02-15 10:07:09+00"
111,6,"2022-02-15 10:07:09+00"
153,14,"2022-02-15 10:07:09+00"
152,6,"2022-02-15 10:07:09+00"
145,12,"2022-02-15 10:07:09+00"
185,9,"2022-02-15 10:07:09+00"
151,12,"2022-02-15 10:07:09+00"
128,5,"2022-02-15 10:07:09+00"
146,8,"2022-02-15 10:07:09+00"
170,5,"2022-02-15 10:07:09+00"
129,12,"2022-02-15 10:07:09+00"
112,2,"2022-02-15 10:07:09+00"
165,4,"2022-02-15 10:07:09+00"
110,11,"2022-02-15 10:07:09+00"
193,10,"2022-02-15 10:07:09+00"
190,16,"2022-02-15 10:07:09+00"
125,11,"2022-02-15 10:07:09+00"
187,13,"2022-02-15 10:07:09+00"
121,2,"2022-02-15 10:07:09+00"
168,5,"2022-02-15 10:07:09+00"
143,11,"2022-02-15 10:07:09+00"
138,4,"2022-02-15 10:07:09+00"
177,10,"2022-02-15 10:07:09+00"
150,6,"2022-02-15 10:07:09+00"
133,14,"2022-02-15 10:07:09+00"
182,2,"2022-02-15 10:07:09+00"
118,3,"2022-02-15 10:07:09+00"
210,3,"2022-02-15 10:07:09+00"
192,12,"2022-02-15 10:07:09+00"
214,1,"2022-02-15 10:07:09+00"
189,7,"2022-02-15 10:07:09+00"
131,2,"2022-02-15 10:07:09+00"
117,16,"2022-02-15 10:07:09+00"
175,7,"2022-02-15 10:07:09+00"
305,6,"2022-02-15 10:07:09+00"
232,9,"2022-02-15 10:07:09+00"
252,10,"2022-02-15 10:07:09+00"
314,15,"2022-02-15 10:07:09+00"
302,16,"2022-02-15 10:07:09+00"
290,3,"2022-02-15 10:07:09+00"
298,13,"2022-02-15 10:07:09+00"
285,5,"2022-02-15 10:07:09+00"
286,10,"2022-02-15 10:07:09+00"
257,1,"2022-02-15 10:07:09+00"
278,11,"2022-02-15 10:07:09+00"
229,1,"2022-02-15 10:07:09+00"
242,11,"2022-02-15 10:07:09+00"
303,15,"2022-02-15 10:07:09+00"
269,16,"2022-02-15 10:07:09+00"
308,1,"2022-02-15 10:07:09+00"
239,10,"2022-02-15 10:07:09+00"
217,2,"2022-02-15 10:07:09+00"
299,4,"2022-02-15 10:07:09+00"
279,14,"2022-02-15 10:07:09+00"
247,8,"2022-02-15 10:07:09+00"
227,9,"2022-02-15 10:07:09+00"
246,6,"2022-02-15 10:07:09+00"
262,12,"2022-02-15 10:07:09+00"
264,11,"2022-02-15 10:07:09+00"
295,2,"2022-02-15 10:07:09+00"
319,13,"2022-02-15 10:07:09+00"
291,12,"2022-02-15 10:07:09+00"
260,16,"2022-02-15 10:07:09+00"
263,4,"2022-02-15 10:07:09+00"
306,2,"2022-02-15 10:07:09+00"
265,11,"2022-02-15 10:07:09+00"
226,13,"2022-02-15 10:07:09+00"
268,8,"2022-02-15 10:07:09+00"
231,4,"2022-02-15 10:07:09+00"
274,16,"2022-02-15 10:07:09+00"
221,15,"2022-02-15 10:07:09+00"
254,8,"2022-02-15 10:07:09+00"
287,10,"2022-02-15 10:07:09+00"
315,13,"2022-02-15 10:07:09+00"
307,14,"2022-02-15 10:07:09+00"
266,13,"2022-02-15 10:07:09+00"
272,10,"2022-02-15 10:07:09+00"
289,8,"2022-02-15 10:07:09+00"
384,15,"2022-02-15 10:07:09+00"
234,1,"2022-02-15 10:07:09+00"
292,11,"2022-02-15 10:07:09+00"
236,4,"2022-02-15 10:07:09+00"
288,6,"2022-02-15 10:07:09+00"
241,11,"2022-02-15 10:07:09+00"
283,8,"2022-02-15 10:07:09+00"
293,4,"2022-02-15 10:07:09+00"
219,5,"2022-02-15 10:07:09+00"
244,12,"2022-02-15 10:07:09+00"
245,10,"2022-02-15 10:07:09+00"
233,9,"2022-02-15 10:07:09+00"
256,6,"2022-02-15 10:07:09+00"
223,7,"2022-02-15 10:07:09+00"
320,7,"2022-02-15 10:07:09+00"
284,5,"2022-02-15 10:07:09+00"
300,3,"2022-02-15 10:07:09+00"
215,13,"2022-02-15 10:07:09+00"
317,14,"2022-02-15 10:07:09+00"
297,3,"2022-02-15 10:07:09+00"
253,6,"2022-02-15 10:07:09+00"
273,9,"2022-02-15 10:07:09+00"
316,6,"2022-02-15 10:07:09+00"
267,5,"2022-02-15 10:07:09+00"
270,12,"2022-02-15 10:07:09+00"
280,7,"2022-02-15 10:07:09+00"
248,12,"2022-02-15 10:07:09+00"
216,4,"2022-02-15 10:07:09+00"
301,3,"2022-02-15 10:07:09+00"
294,14,"2022-02-15 10:07:09+00"
275,7,"2022-02-15 10:07:09+00"
230,5,"2022-02-15 10:07:09+00"
259,10,"2022-02-15 10:07:09+00"
277,2,"2022-02-15 10:07:09+00"
240,7,"2022-02-15 10:07:09+00"
311,9,"2022-02-15 10:07:09+00"
224,12,"2022-02-15 10:07:09+00"
276,11,"2022-02-15 10:07:09+00"
313,9,"2022-02-15 10:07:09+00"
235,16,"2022-02-15 10:07:09+00"
255,1,"2022-02-15 10:07:09+00"
312,14,"2022-02-15 10:07:09+00"
282,15,"2022-02-15 10:07:09+00"
243,12,"2022-02-15 10:07:09+00"
258,1,"2022-02-15 10:07:09+00"
281,8,"2022-02-15 10:07:09+00"
261,16,"2022-02-15 10:07:09+00"
271,14,"2022-02-15 10:07:09+00"
304,9,"2022-02-15 10:07:09+00"
238,5,"2022-02-15 10:07:09+00"
222,13,"2022-02-15 10:07:09+00"
249,7,"2022-02-15 10:07:09+00"
237,3,"2022-02-15 10:07:09+00"
225,7,"2022-02-15 10:07:09+00"
318,15,"2022-02-15 10:07:09+00"
310,2,"2022-02-15 10:07:09+00"
309,14,"2022-02-15 10:07:09+00"
251,8,"2022-02-15 10:07:09+00"
220,16,"2022-02-15 10:07:09+00"
218,2,"2022-02-15 10:07:09+00"
250,3,"2022-02-15 10:07:09+00"
296,15,"2022-02-15 10:07:09+00"
228,1,"2022-02-15 10:07:09+00"
366,16,"2022-02-15 10:07:09+00"
389,8,"2022-02-15 10:07:09+00"
367,8,"2022-02-15 10:07:09+00"
341,12,"2022-02-15 10:07:09+00"
323,13,"2022-02-15 10:07:09+00"
346,12,"2022-02-15 10:07:09+00"
329,2,"2022-02-15 10:07:09+00"
339,12,"2022-02-15 10:07:09+00"
326,15,"2022-02-15 10:07:09+00"
335,14,"2022-02-15 10:07:09+00"
387,1,"2022-02-15 10:07:09+00"
343,14,"2022-02-15 10:07:09+00"
333,14,"2022-02-15 10:07:09+00"
347,9,"2022-02-15 10:07:09+00"
361,6,"2022-02-15 10:07:09+00"
428,13,"2022-02-15 10:07:09+00"
372,10,"2022-02-15 10:07:09+00"
413,2,"2022-02-15 10:07:09+00"
397,3,"2022-02-15 10:07:09+00"
324,3,"2022-02-15 10:07:09+00"
348,6,"2022-02-15 10:07:09+00"
399,6,"2022-02-15 10:07:09+00"
353,10,"2022-02-15 10:07:09+00"
419,4,"2022-02-15 10:07:09+00"
322,2,"2022-02-15 10:07:09+00"
327,11,"2022-02-15 10:07:09+00"
380,14,"2022-02-15 10:07:09+00"
351,7,"2022-02-15 10:07:09+00"
336,3,"2022-02-15 10:07:09+00"
392,6,"2022-02-15 10:07:09+00"
334,6,"2022-02-15 10:07:09+00"
409,11,"2022-02-15 10:07:09+00"
359,9,"2022-02-15 10:07:09+00"
371,13,"2022-02-15 10:07:09+00"
408,14,"2022-02-15 10:07:09+00"
338,1,"2022-02-15 10:07:09+00"
340,13,"2022-02-15 10:07:09+00"
364,3,"2022-02-15 10:07:09+00"
344,10,"2022-02-15 10:07:09+00"
378,10,"2022-02-15 10:07:09+00"
354,11,"2022-02-15 10:07:09+00"
331,5,"2022-02-15 10:07:09+00"
357,7,"2022-02-15 10:07:09+00"
401,9,"2022-02-15 10:07:09+00"
388,12,"2022-02-15 10:07:09+00"
381,6,"2022-02-15 10:07:09+00"
423,5,"2022-02-15 10:07:09+00"
358,9,"2022-02-15 10:07:09+00"
374,15,"2022-02-15 10:07:09+00"
368,11,"2022-02-15 10:07:09+00"
422,5,"2022-02-15 10:07:09+00"
377,2,"2022-02-15 10:07:09+00"
363,8,"2022-02-15 10:07:09+00"
355,5,"2022-02-15 10:07:09+00"
396,8,"2022-02-15 10:07:09+00"
337,3,"2022-02-15 10:07:09+00"
393,10,"2022-02-15 10:07:09+00"
421,5,"2022-02-15 10:07:09+00"
398,12,"2022-02-15 10:07:09+00"
400,4,"2022-02-15 10:07:09+00"
379,7,"2022-02-15 10:07:09+00"
417,15,"2022-02-15 10:07:09+00"
332,6,"2022-02-15 10:07:09+00"
406,10,"2022-02-15 10:07:09+00"
342,1,"2022-02-15 10:07:09+00"
385,9,"2022-02-15 10:07:09+00"
391,1,"2022-02-15 10:07:09+00"
350,13,"2022-02-15 10:07:09+00"
411,7,"2022-02-15 10:07:09+00"
369,9,"2022-02-15 10:07:09+00"
416,8,"2022-02-15 10:07:09+00"
330,15,"2022-02-15 10:07:09+00"
424,3,"2022-02-15 10:07:09+00"
328,16,"2022-02-15 10:07:09+00"
427,9,"2022-02-15 10:07:09+00"
404,4,"2022-02-15 10:07:09+00"
365,5,"2022-02-15 10:07:09+00"
383,1,"2022-02-15 10:07:09+00"
375,15,"2022-02-15 10:07:09+00"
360,8,"2022-02-15 10:07:09+00"
370,2,"2022-02-15 10:07:09+00"
403,4,"2022-02-15 10:07:09+00"
405,4,"2022-02-15 10:07:09+00"
349,16,"2022-02-15 10:07:09+00"
418,4,"2022-02-15 10:07:09+00"
394,4,"2022-02-15 10:07:09+00"
356,16,"2022-02-15 10:07:09+00"
352,2,"2022-02-15 10:07:09+00"
373,2,"2022-02-15 10:07:09+00"
345,11,"2022-02-15 10:07:09+00"
362,15,"2022-02-15 10:07:09+00"
325,12,"2022-02-15 10:07:09+00"
414,10,"2022-02-15 10:07:09+00"
321,16,"2022-02-15 10:07:09+00"
426,11,"2022-02-15 10:07:09+00"
395,7,"2022-02-15 10:07:09+00"
410,3,"2022-02-15 10:07:09+00"
386,1,"2022-02-15 10:07:09+00"
420,11,"2022-02-15 10:07:09+00"
425,13,"2022-02-15 10:07:09+00"
376,14,"2022-02-15 10:07:09+00"
390,16,"2022-02-15 10:07:09+00"
412,7,"2022-02-15 10:07:09+00"
407,7,"2022-02-15 10:07:09+00"
382,5,"2022-02-15 10:07:09+00"
402,8,"2022-02-15 10:07:09+00"
415,12,"2022-02-15 10:07:09+00"
493,14,"2022-02-15 10:07:09+00"
444,12,"2022-02-15 10:07:09+00"
461,16,"2022-02-15 10:07:09+00"
470,12,"2022-02-15 10:07:09+00"
505,10,"2022-02-15 10:07:09+00"
522,12,"2022-02-15 10:07:09+00"
443,11,"2022-02-15 10:07:09+00"
446,3,"2022-02-15 10:07:09+00"
532,11,"2022-02-15 10:07:09+00"
466,8,"2022-02-15 10:07:09+00"
464,15,"2022-02-15 10:07:09+00"
514,6,"2022-02-15 10:07:09+00"
456,1,"2022-02-15 10:07:09+00"
533,6,"2022-02-15 10:07:09+00"
516,14,"2022-02-15 10:07:09+00"
490,6,"2022-02-15 10:07:09+00"
441,14,"2022-02-15 10:07:09+00"
566,11,"2022-02-15 10:07:09+00"
430,10,"2022-02-15 10:07:09+00"
521,12,"2022-02-15 10:07:09+00"
454,15,"2022-02-15 10:07:09+00"
476,13,"2022-02-15 10:07:09+00"
462,1,"2022-02-15 10:07:09+00"
507,2,"2022-02-15 10:07:09+00"
451,9,"2022-02-15 10:07:09+00"
460,15,"2022-02-15 10:07:09+00"
528,10,"2022-02-15 10:07:09+00"
486,7,"2022-02-15 10:07:09+00"
469,14,"2022-02-15 10:07:09+00"
487,1,"2022-02-15 10:07:09+00"
457,2,"2022-02-15 10:07:09+00"
496,4,"2022-02-15 10:07:09+00"
499,16,"2022-02-15 10:07:09+00"
468,15,"2022-02-15 10:07:09+00"
529,4,"2022-02-15 10:07:09+00"
433,4,"2022-02-15 10:07:09+00"
524,10,"2022-02-15 10:07:09+00"
447,3,"2022-02-15 10:07:09+00"
510,6,"2022-02-15 10:07:09+00"
670,8,"2022-02-15 10:07:09+00"
512,15,"2022-02-15 10:07:09+00"
489,5,"2022-02-15 10:07:09+00"
497,9,"2022-02-15 10:07:09+00"
453,5,"2022-02-15 10:07:09+00"
530,4,"2022-02-15 10:07:09+00"
483,10,"2022-02-15 10:07:09+00"
477,5,"2022-02-15 10:07:09+00"
500,1,"2022-02-15 10:07:09+00"
488,3,"2022-02-15 10:07:09+00"
471,14,"2022-02-15 10:07:09+00"
523,5,"2022-02-15 10:07:09+00"
442,13,"2022-02-15 10:07:09+00"
479,1,"2022-02-15 10:07:09+00"
517,6,"2022-02-15 10:07:09+00"
502,13,"2022-02-15 10:07:09+00"
481,4,"2022-02-15 10:07:09+00"
437,7,"2022-02-15 10:07:09+00"
513,6,"2022-02-15 10:07:09+00"
435,2,"2022-02-15 10:07:09+00"
478,11,"2022-02-15 10:07:09+00"
495,10,"2022-02-15 10:07:09+00"
501,3,"2022-02-15 10:07:09+00"
482,16,"2022-02-15 10:07:09+00"
494,5,"2022-02-15 10:07:09+00"
458,6,"2022-02-15 10:07:09+00"
526,1,"2022-02-15 10:07:09+00"
439,5,"2022-02-15 10:07:09+00"
531,2,"2022-02-15 10:07:09+00"
452,7,"2022-02-15 10:07:09+00"
475,3,"2022-02-15 10:07:09+00"
518,9,"2022-02-15 10:07:09+00"
515,12,"2022-02-15 10:07:09+00"
445,14,"2022-02-15 10:07:09+00"
509,4,"2022-02-15 10:07:09+00"
520,7,"2022-02-15 10:07:09+00"
450,14,"2022-02-15 10:07:09+00"
429,4,"2022-02-15 10:07:09+00"
440,9,"2022-02-15 10:07:09+00"
504,2,"2022-02-15 10:07:09+00"
448,16,"2022-02-15 10:07:09+00"
492,2,"2022-02-15 10:07:09+00"
438,1,"2022-02-15 10:07:09+00"
480,8,"2022-02-15 10:07:09+00"
511,13,"2022-02-15 10:07:09+00"
436,2,"2022-02-15 10:07:09+00"
485,16,"2022-02-15 10:07:09+00"
467,7,"2022-02-15 10:07:09+00"
491,16,"2022-02-15 10:07:09+00"
503,12,"2022-02-15 10:07:09+00"
431,7,"2022-02-15 10:07:09+00"
472,9,"2022-02-15 10:07:09+00"
432,16,"2022-02-15 10:07:09+00"
455,8,"2022-02-15 10:07:09+00"
434,9,"2022-02-15 10:07:09+00"
473,13,"2022-02-15 10:07:09+00"
484,8,"2022-02-15 10:07:09+00"
508,11,"2022-02-15 10:07:09+00"
465,15,"2022-02-15 10:07:09+00"
527,7,"2022-02-15 10:07:09+00"
459,11,"2022-02-15 10:07:09+00"
498,13,"2022-02-15 10:07:09+00"
506,13,"2022-02-15 10:07:09+00"
519,3,"2022-02-15 10:07:09+00"
449,3,"2022-02-15 10:07:09+00"
474,15,"2022-02-15 10:07:09+00"
463,8,"2022-02-15 10:07:09+00"
525,5,"2022-02-15 10:07:09+00"
593,16,"2022-02-15 10:07:09+00"
603,5,"2022-02-15 10:07:09+00"
634,8,"2022-02-15 10:07:09+00"
623,5,"2022-02-15 10:07:09+00"
579,11,"2022-02-15 10:07:09+00"
589,14,"2022-02-15 10:07:09+00"
613,13,"2022-02-15 10:07:09+00"
584,12,"2022-02-15 10:07:09+00"
622,14,"2022-02-15 10:07:09+00"
543,11,"2022-02-15 10:07:09+00"
625,13,"2022-02-15 10:07:09+00"
600,11,"2022-02-15 10:07:09+00"
583,1,"2022-02-15 10:07:09+00"
572,2,"2022-02-15 10:07:09+00"
561,10,"2022-02-15 10:07:09+00"
618,8,"2022-02-15 10:07:09+00"
598,10,"2022-02-15 10:07:09+00"
556,15,"2022-02-15 10:07:09+00"
553,2,"2022-02-15 10:07:09+00"
563,14,"2022-02-15 10:07:09+00"
594,3,"2022-02-15 10:07:09+00"
574,12,"2022-02-15 10:07:09+00"
569,8,"2022-02-15 10:07:09+00"
641,13,"2022-02-15 10:07:09+00"
542,1,"2022-02-15 10:07:09+00"
620,13,"2022-02-15 10:07:09+00"
588,10,"2022-02-15 10:07:09+00"
602,14,"2022-02-15 10:07:09+00"
636,8,"2022-02-15 10:07:09+00"
554,12,"2022-02-15 10:07:09+00"
578,16,"2022-02-15 10:07:09+00"
592,2,"2022-02-15 10:07:09+00"
599,10,"2022-02-15 10:07:09+00"
552,6,"2022-02-15 10:07:09+00"
635,4,"2022-02-15 10:07:09+00"
627,9,"2022-02-15 10:07:09+00"
591,1,"2022-02-15 10:07:09+00"
576,13,"2022-02-15 10:07:09+00"
568,15,"2022-02-15 10:07:09+00"
539,5,"2022-02-15 10:07:09+00"
580,16,"2022-02-15 10:07:09+00"
633,16,"2022-02-15 10:07:09+00"
537,6,"2022-02-15 10:07:09+00"
606,9,"2022-02-15 10:07:09+00"
571,8,"2022-02-15 10:07:09+00"
546,1,"2022-02-15 10:07:09+00"
601,5,"2022-02-15 10:07:09+00"
621,9,"2022-02-15 10:07:09+00"
547,10,"2022-02-15 10:07:09+00"
551,13,"2022-02-15 10:07:09+00"
631,10,"2022-02-15 10:07:09+00"
637,11,"2022-02-15 10:07:09+00"
544,4,"2022-02-15 10:07:09+00"
604,11,"2022-02-15 10:07:09+00"
545,1,"2022-02-15 10:07:09+00"
540,7,"2022-02-15 10:07:09+00"
615,12,"2022-02-15 10:07:09+00"
619,9,"2022-02-15 10:07:09+00"
534,13,"2022-02-15 10:07:09+00"
630,3,"2022-02-15 10:07:09+00"
536,14,"2022-02-15 10:07:09+00"
609,12,"2022-02-15 10:07:09+00"
617,7,"2022-02-15 10:07:09+00"
585,5,"2022-02-15 10:07:09+00"
638,4,"2022-02-15 10:07:09+00"
559,16,"2022-02-15 10:07:09+00"
626,9,"2022-02-15 10:07:09+00"
590,14,"2022-02-15 10:07:09+00"
535,4,"2022-02-15 10:07:09+00"
605,15,"2022-02-15 10:07:09+00"
632,15,"2022-02-15 10:07:09+00"
565,6,"2022-02-15 10:07:09+00"
548,9,"2022-02-15 10:07:09+00"
558,12,"2022-02-15 10:07:09+00"
575,10,"2022-02-15 10:07:09+00"
628,11,"2022-02-15 10:07:09+00"
611,2,"2022-02-15 10:07:09+00"
629,2,"2022-02-15 10:07:09+00"
538,8,"2022-02-15 10:07:09+00"
614,11,"2022-02-15 10:07:09+00"
564,15,"2022-02-15 10:07:09+00"
560,6,"2022-02-15 10:07:09+00"
608,8,"2022-02-15 10:07:09+00"
607,16,"2022-02-15 10:07:09+00"
610,9,"2022-02-15 10:07:09+00"
587,15,"2022-02-15 10:07:09+00"
562,14,"2022-02-15 10:07:09+00"
624,3,"2022-02-15 10:07:09+00"
582,1,"2022-02-15 10:07:09+00"
612,7,"2022-02-15 10:07:09+00"
597,15,"2022-02-15 10:07:09+00"
550,2,"2022-02-15 10:07:09+00"
586,4,"2022-02-15 10:07:09+00"
567,6,"2022-02-15 10:07:09+00"
577,5,"2022-02-15 10:07:09+00"
640,4,"2022-02-15 10:07:09+00"
570,3,"2022-02-15 10:07:09+00"
573,16,"2022-02-15 10:07:09+00"
595,7,"2022-02-15 10:07:09+00"
555,3,"2022-02-15 10:07:09+00"
596,1,"2022-02-15 10:07:09+00"
581,7,"2022-02-15 10:07:09+00"
639,2,"2022-02-15 10:07:09+00"
549,12,"2022-02-15 10:07:09+00"
557,6,"2022-02-15 10:07:09+00"
616,7,"2022-02-15 10:07:09+00"
541,3,"2022-02-15 10:07:09+00"
718,2,"2022-02-15 10:07:09+00"
685,11,"2022-02-15 10:07:09+00"
645,1,"2022-02-15 10:07:09+00"
720,13,"2022-02-15 10:07:09+00"
724,4,"2022-02-15 10:07:09+00"
660,9,"2022-02-15 10:07:09+00"
729,3,"2022-02-15 10:07:09+00"
736,6,"2022-02-15 10:07:09+00"
675,16,"2022-02-15 10:07:09+00"
699,14,"2022-02-15 10:07:09+00"
676,3,"2022-02-15 10:07:09+00"
717,11,"2022-02-15 10:07:09+00"
712,15,"2022-02-15 10:07:09+00"
649,14,"2022-02-15 10:07:09+00"
658,2,"2022-02-15 10:07:09+00"
661,2,"2022-02-15 10:07:09+00"
689,13,"2022-02-15 10:07:09+00"
657,14,"2022-02-15 10:07:09+00"
741,10,"2022-02-15 10:07:09+00"
716,4,"2022-02-15 10:07:09+00"
734,5,"2022-02-15 10:07:09+00"
708,3,"2022-02-15 10:07:09+00"
683,13,"2022-02-15 10:07:09+00"
709,5,"2022-02-15 10:07:09+00"
702,11,"2022-02-15 10:07:09+00"
653,14,"2022-02-15 10:07:09+00"
643,15,"2022-02-15 10:07:09+00"
691,4,"2022-02-15 10:07:09+00"
656,15,"2022-02-15 10:07:09+00"
737,16,"2022-02-15 10:07:09+00"
678,8,"2022-02-15 10:07:09+00"
743,11,"2022-02-15 10:07:09+00"
644,2,"2022-02-15 10:07:09+00"
738,8,"2022-02-15 10:07:09+00"
694,1,"2022-02-15 10:07:09+00"
671,5,"2022-02-15 10:07:09+00"
665,13,"2022-02-15 10:07:09+00"
698,6,"2022-02-15 10:07:09+00"
719,2,"2022-02-15 10:07:09+00"
745,16,"2022-02-15 10:07:09+00"
686,14,"2022-02-15 10:07:09+00"
704,8,"2022-02-15 10:07:09+00"
654,12,"2022-02-15 10:07:09+00"
692,4,"2022-02-15 10:07:09+00"
682,5,"2022-02-15 10:07:09+00"
701,9,"2022-02-15 10:07:09+00"
706,11,"2022-02-15 10:07:09+00"
705,5,"2022-02-15 10:07:09+00"
648,10,"2022-02-15 10:07:09+00"
732,15,"2022-02-15 10:07:09+00"
786,1,"2022-02-15 10:07:09+00"
744,3,"2022-02-15 10:07:09+00"
742,7,"2022-02-15 10:07:09+00"
650,8,"2022-02-15 10:07:09+00"
679,6,"2022-02-15 10:07:09+00"
746,5,"2022-02-15 10:07:09+00"
684,13,"2022-02-15 10:07:09+00"
721,11,"2022-02-15 10:07:09+00"
681,7,"2022-02-15 10:07:09+00"
697,4,"2022-02-15 10:07:09+00"
726,7,"2022-02-15 10:07:09+00"
677,13,"2022-02-15 10:07:09+00"
662,10,"2022-02-15 10:07:09+00"
680,7,"2022-02-15 10:07:09+00"
673,12,"2022-02-15 10:07:09+00"
663,14,"2022-02-15 10:07:09+00"
747,12,"2022-02-15 10:07:09+00"
730,6,"2022-02-15 10:07:09+00"
664,3,"2022-02-15 10:07:09+00"
710,16,"2022-02-15 10:07:09+00"
674,4,"2022-02-15 10:07:09+00"
713,10,"2022-02-15 10:07:09+00"
740,12,"2022-02-15 10:07:09+00"
723,7,"2022-02-15 10:07:09+00"
731,1,"2022-02-15 10:07:09+00"
711,16,"2022-02-15 10:07:09+00"
722,15,"2022-02-15 10:07:09+00"
735,10,"2022-02-15 10:07:09+00"
688,4,"2022-02-15 10:07:09+00"
733,8,"2022-02-15 10:07:09+00"
647,3,"2022-02-15 10:07:09+00"
739,16,"2022-02-15 10:07:09+00"
728,7,"2022-02-15 10:07:09+00"
668,12,"2022-02-15 10:07:09+00"
748,12,"2022-02-15 10:07:09+00"
659,12,"2022-02-15 10:07:09+00"
655,9,"2022-02-15 10:07:09+00"
707,8,"2022-02-15 10:07:09+00"
672,6,"2022-02-15 10:07:09+00"
693,1,"2022-02-15 10:07:09+00"
700,9,"2022-02-15 10:07:09+00"
695,15,"2022-02-15 10:07:09+00"
666,9,"2022-02-15 10:07:09+00"
696,11,"2022-02-15 10:07:09+00"
669,8,"2022-02-15 10:07:09+00"
714,1,"2022-02-15 10:07:09+00"
690,6,"2022-02-15 10:07:09+00"
652,3,"2022-02-15 10:07:09+00"
651,6,"2022-02-15 10:07:09+00"
642,9,"2022-02-15 10:07:09+00"
715,2,"2022-02-15 10:07:09+00"
727,10,"2022-02-15 10:07:09+00"
667,10,"2022-02-15 10:07:09+00"
687,5,"2022-02-15 10:07:09+00"
703,7,"2022-02-15 10:07:09+00"
646,9,"2022-02-15 10:07:09+00"
725,13,"2022-02-15 10:07:09+00"
818,1,"2022-02-15 10:07:09+00"
769,3,"2022-02-15 10:07:09+00"
778,4,"2022-02-15 10:07:09+00"
833,8,"2022-02-15 10:07:09+00"
853,14,"2022-02-15 10:07:09+00"
828,1,"2022-02-15 10:07:09+00"
796,15,"2022-02-15 10:07:09+00"
836,8,"2022-02-15 10:07:09+00"
815,7,"2022-02-15 10:07:09+00"
811,9,"2022-02-15 10:07:09+00"
749,3,"2022-02-15 10:07:09+00"
782,14,"2022-02-15 10:07:09+00"
770,9,"2022-02-15 10:07:09+00"
789,13,"2022-02-15 10:07:09+00"
830,5,"2022-02-15 10:07:09+00"
756,7,"2022-02-15 10:07:09+00"
753,6,"2022-02-15 10:07:09+00"
783,6,"2022-02-15 10:07:09+00"
823,12,"2022-02-15 10:07:09+00"
754,1,"2022-02-15 10:07:09+00"
791,12,"2022-02-15 10:07:09+00"
798,14,"2022-02-15 10:07:09+00"
812,13,"2022-02-15 10:07:09+00"
841,10,"2022-02-15 10:07:09+00"
804,14,"2022-02-15 10:07:09+00"
819,16,"2022-02-15 10:07:09+00"
801,9,"2022-02-15 10:07:09+00"
821,3,"2022-02-15 10:07:09+00"
790,1,"2022-02-15 10:07:09+00"
755,13,"2022-02-15 10:07:09+00"
775,2,"2022-02-15 10:07:09+00"
768,2,"2022-02-15 10:07:09+00"
807,5,"2022-02-15 10:07:09+00"
767,8,"2022-02-15 10:07:09+00"
764,3,"2022-02-15 10:07:09+00"
774,1,"2022-02-15 10:07:09+00"
752,10,"2022-02-15 10:07:09+00"
849,9,"2022-02-15 10:07:09+00"
820,2,"2022-02-15 10:07:09+00"
834,2,"2022-02-15 10:07:09+00"
758,11,"2022-02-15 10:07:09+00"
816,4,"2022-02-15 10:07:09+00"
808,16,"2022-02-15 10:07:09+00"
844,8,"2022-02-15 10:07:09+00"
795,6,"2022-02-15 10:07:09+00"
806,15,"2022-02-15 10:07:09+00"
827,16,"2022-02-15 10:07:09+00"
784,6,"2022-02-15 10:07:09+00"
779,13,"2022-02-15 10:07:09+00"
826,5,"2022-02-15 10:07:09+00"
762,2,"2022-02-15 10:07:09+00"
845,1,"2022-02-15 10:07:09+00"
846,15,"2022-02-15 10:07:09+00"
797,12,"2022-02-15 10:07:09+00"
776,9,"2022-02-15 10:07:09+00"
848,4,"2022-02-15 10:07:09+00"
829,4,"2022-02-15 10:07:09+00"
851,3,"2022-02-15 10:07:09+00"
780,11,"2022-02-15 10:07:09+00"
824,14,"2022-02-15 10:07:09+00"
794,6,"2022-02-15 10:07:09+00"
814,7,"2022-02-15 10:07:09+00"
750,15,"2022-02-15 10:07:09+00"
763,10,"2022-02-15 10:07:09+00"
765,16,"2022-02-15 10:07:09+00"
751,8,"2022-02-15 10:07:09+00"
838,11,"2022-02-15 10:07:09+00"
773,16,"2022-02-15 10:07:09+00"
777,14,"2022-02-15 10:07:09+00"
787,10,"2022-02-15 10:07:09+00"
772,8,"2022-02-15 10:07:09+00"
832,3,"2022-02-15 10:07:09+00"
854,4,"2022-02-15 10:07:09+00"
843,14,"2022-02-15 10:07:09+00"
822,5,"2022-02-15 10:07:09+00"
813,12,"2022-02-15 10:07:09+00"
839,12,"2022-02-15 10:07:09+00"
817,16,"2022-02-15 10:07:09+00"
760,13,"2022-02-15 10:07:09+00"
788,16,"2022-02-15 10:07:09+00"
759,4,"2022-02-15 10:07:09+00"
872,9,"2022-02-15 10:07:09+00"
840,10,"2022-02-15 10:07:09+00"
761,13,"2022-02-15 10:07:09+00"
799,4,"2022-02-15 10:07:09+00"
810,11,"2022-02-15 10:07:09+00"
800,11,"2022-02-15 10:07:09+00"
847,12,"2022-02-15 10:07:09+00"
837,7,"2022-02-15 10:07:09+00"
831,5,"2022-02-15 10:07:09+00"
835,11,"2022-02-15 10:07:09+00"
785,1,"2022-02-15 10:07:09+00"
792,15,"2022-02-15 10:07:09+00"
803,8,"2022-02-15 10:07:09+00"
771,6,"2022-02-15 10:07:09+00"
757,5,"2022-02-15 10:07:09+00"
913,15,"2022-02-15 10:07:09+00"
781,2,"2022-02-15 10:07:09+00"
793,7,"2022-02-15 10:07:09+00"
805,15,"2022-02-15 10:07:09+00"
809,6,"2022-02-15 10:07:09+00"
766,7,"2022-02-15 10:07:09+00"
850,10,"2022-02-15 10:07:09+00"
852,5,"2022-02-15 10:07:09+00"
802,7,"2022-02-15 10:07:09+00"
825,3,"2022-02-15 10:07:09+00"
842,2,"2022-02-15 10:07:09+00"
955,11,"2022-02-15 10:07:09+00"
956,4,"2022-02-15 10:07:09+00"
958,9,"2022-02-15 10:07:09+00"
856,7,"2022-02-15 10:07:09+00"
869,14,"2022-02-15 10:07:09+00"
905,6,"2022-02-15 10:07:09+00"
903,10,"2022-02-15 10:07:09+00"
863,3,"2022-02-15 10:07:09+00"
963,14,"2022-02-15 10:07:09+00"
919,8,"2022-02-15 10:07:09+00"
876,6,"2022-02-15 10:07:09+00"
935,4,"2022-02-15 10:07:09+00"
855,3,"2022-02-15 10:07:09+00"
938,7,"2022-02-15 10:07:09+00"
894,11,"2022-02-15 10:07:09+00"
908,9,"2022-02-15 10:07:09+00"
898,8,"2022-02-15 10:07:09+00"
914,8,"2022-02-15 10:07:09+00"
928,11,"2022-02-15 10:07:09+00"
954,16,"2022-02-15 10:07:09+00"
873,9,"2022-02-15 10:07:09+00"
947,6,"2022-02-15 10:07:09+00"
902,9,"2022-02-15 10:07:09+00"
925,10,"2022-02-15 10:07:09+00"
934,12,"2022-02-15 10:07:09+00"
895,11,"2022-02-15 10:07:09+00"
870,15,"2022-02-15 10:07:09+00"
879,5,"2022-02-15 10:07:09+00"
899,12,"2022-02-15 10:07:09+00"
941,7,"2022-02-15 10:07:09+00"
932,7,"2022-02-15 10:07:09+00"
944,2,"2022-02-15 10:07:09+00"
951,12,"2022-02-15 10:07:09+00"
877,15,"2022-02-15 10:07:09+00"
923,8,"2022-02-15 10:07:09+00"
866,13,"2022-02-15 10:07:09+00"
885,9,"2022-02-15 10:07:09+00"
927,16,"2022-02-15 10:07:09+00"
952,10,"2022-02-15 10:07:09+00"
861,10,"2022-02-15 10:07:09+00"
890,6,"2022-02-15 10:07:09+00"
868,10,"2022-02-15 10:07:09+00"
918,2,"2022-02-15 10:07:09+00"
962,2,"2022-02-15 10:07:09+00"
930,1,"2022-02-15 10:07:09+00"
874,3,"2022-02-15 10:07:09+00"
937,9,"2022-02-15 10:07:09+00"
887,2,"2022-02-15 10:07:09+00"
960,1,"2022-02-15 10:07:09+00"
922,1,"2022-02-15 10:07:09+00"
959,12,"2022-02-15 10:07:09+00"
893,16,"2022-02-15 10:07:09+00"
860,2,"2022-02-15 10:07:09+00"
897,6,"2022-02-15 10:07:09+00"
892,1,"2022-02-15 10:07:09+00"
880,7,"2022-02-15 10:07:09+00"
936,13,"2022-02-15 10:07:09+00"
945,14,"2022-02-15 10:07:09+00"
888,6,"2022-02-15 10:07:09+00"
900,5,"2022-02-15 10:07:09+00"
883,8,"2022-02-15 10:07:09+00"
961,7,"2022-02-15 10:07:09+00"
943,8,"2022-02-15 10:07:09+00"
916,16,"2022-02-15 10:07:09+00"
953,16,"2022-02-15 10:07:09+00"
948,14,"2022-02-15 10:07:09+00"
910,2,"2022-02-15 10:07:09+00"
926,10,"2022-02-15 10:07:09+00"
857,13,"2022-02-15 10:07:09+00"
864,13,"2022-02-15 10:07:09+00"
929,9,"2022-02-15 10:07:09+00"
906,11,"2022-02-15 10:07:09+00"
931,13,"2022-02-15 10:07:09+00"
909,12,"2022-02-15 10:07:09+00"
881,11,"2022-02-15 10:07:09+00"
907,3,"2022-02-15 10:07:09+00"
949,11,"2022-02-15 10:07:09+00"
875,13,"2022-02-15 10:07:09+00"
862,3,"2022-02-15 10:07:09+00"
957,13,"2022-02-15 10:07:09+00"
950,3,"2022-02-15 10:07:09+00"
901,5,"2022-02-15 10:07:09+00"
920,12,"2022-02-15 10:07:09+00"
917,4,"2022-02-15 10:07:09+00"
942,16,"2022-02-15 10:07:09+00"
878,5,"2022-02-15 10:07:09+00"
911,15,"2022-02-15 10:07:09+00"
924,15,"2022-02-15 10:07:09+00"
882,1,"2022-02-15 10:07:09+00"
904,14,"2022-02-15 10:07:09+00"
915,10,"2022-02-15 10:07:09+00"
921,3,"2022-02-15 10:07:09+00"
933,4,"2022-02-15 10:07:09+00"
912,14,"2022-02-15 10:07:09+00"
946,4,"2022-02-15 10:07:09+00"
859,15,"2022-02-15 10:07:09+00"
867,2,"2022-02-15 10:07:09+00"
884,14,"2022-02-15 10:07:09+00"
891,1,"2022-02-15 10:07:09+00"
896,4,"2022-02-15 10:07:09+00"
871,15,"2022-02-15 10:07:09+00"
940,16,"2022-02-15 10:07:09+00"
889,15,"2022-02-15 10:07:09+00"
858,5,"2022-02-15 10:07:09+00"
865,12,"2022-02-15 10:07:09+00"
939,5,"2022-02-15 10:07:09+00"
886,1,"2022-02-15 10:07:09+00"
50,1,"2022-02-15 10:07:09+00"
989,7,"2022-02-15 10:07:09+00"
65,13,"2022-02-15 10:07:09+00"
27,11,"2022-02-15 10:07:09+00"
46,10,"2022-02-15 10:07:09+00"
4,12,"2022-02-15 10:07:09+00"
9,16,"2022-02-15 10:07:09+00"
996,3,"2022-02-15 10:07:09+00"
25,7,"2022-02-15 10:07:09+00"
970,13,"2022-02-15 10:07:09+00"
67,16,"2022-02-15 10:07:09+00"
23,5,"2022-02-15 10:07:09+00"
971,6,"2022-02-15 10:07:09+00"
53,16,"2022-02-15 10:07:09+00"
30,1,"2022-02-15 10:07:09+00"
985,14,"2022-02-15 10:07:09+00"
54,6,"2022-02-15 10:07:09+00"
38,4,"2022-02-15 10:07:09+00"
60,4,"2022-02-15 10:07:09+00"
14,12,"2022-02-15 10:07:09+00"
7,15,"2022-02-15 10:07:09+00"
28,11,"2022-02-15 10:07:09+00"
964,4,"2022-02-15 10:07:09+00"
55,14,"2022-02-15 10:07:09+00"
977,4,"2022-02-15 10:07:09+00"
3,1,"2022-02-15 10:07:09+00"
972,1,"2022-02-15 10:07:09+00"
16,11,"2022-02-15 10:07:09+00"
979,2,"2022-02-15 10:07:09+00"
58,5,"2022-02-15 10:07:09+00"
36,2,"2022-02-15 10:07:09+00"
10,10,"2022-02-15 10:07:09+00"
997,4,"2022-02-15 10:07:09+00"
981,4,"2022-02-15 10:07:09+00"
980,7,"2022-02-15 10:07:09+00"
4,6,"2022-02-15 10:07:09+00"
5,10,"2022-02-15 10:07:09+00"
949,10,"2022-02-15 10:07:09+00"
931,14,"2022-02-15 10:07:09+00"
940,10,"2022-02-15 10:07:09+00"
19,12,"2022-02-15 10:07:09+00"
984,9,"2022-02-15 10:07:09+00"
31,8,"2022-02-15 10:07:09+00"
959,2,"2022-02-15 10:07:09+00"
942,5,"2022-02-15 10:07:09+00"
947,14,"2022-02-15 10:07:09+00"
989,4,"2022-02-15 10:07:09+00"
938,12,"2022-02-15 10:07:09+00"
979,6,"2022-02-15 10:07:09+00"
29,13,"2022-02-15 10:07:09+00"
981,16,"2022-02-15 10:07:09+00"
965,1,"2022-02-15 10:07:09+00"
995,3,"2022-02-15 10:07:09+00"
977,15,"2022-02-15 10:07:09+00"
6,11,"2022-02-15 10:07:09+00"
69,7,"2022-02-15 10:07:09+00"
986,12,"2022-02-15 10:07:09+00"
999,12,"2022-02-15 10:07:09+00"
32,13,"2022-02-15 10:07:09+00"
61,15,"2022-02-15 10:07:09+00"
966,2,"2022-02-15 10:07:09+00"
987,8,"2022-02-15 10:07:09+00"
49,14,"2022-02-15 10:07:09+00"
12,6,"2022-02-15 10:07:09+00"
976,10,"2022-02-15 10:07:09+00"
41,13,"2022-02-15 10:07:09+00"
21,9,"2022-02-15 10:07:09+00"
984,12,"2022-02-15 10:07:09+00"
31,13,"2022-02-15 10:07:09+00"
11,10,"2022-02-15 10:07:09+00"
995,15,"2022-02-15 10:07:09+00"
1,13,"2022-02-15 10:07:09+00"
35,7,"2022-02-15 10:07:09+00"
974,8,"2022-02-15 10:07:09+00"
15,13,"2022-02-15 10:07:09+00"
993,5,"2022-02-15 10:07:09+00"
20,6,"2022-02-15 10:07:09+00"
29,9,"2022-02-15 10:07:09+00"
44,3,"2022-02-15 10:07:09+00"
968,3,"2022-02-15 10:07:09+00"
967,15,"2022-02-15 10:07:09+00"
66,15,"2022-02-15 10:07:09+00"
998,1,"2022-02-15 10:07:09+00"
983,5,"2022-02-15 10:07:09+00"
33,7,"2022-02-15 10:07:09+00"
988,3,"2022-02-15 10:07:09+00"
969,14,"2022-02-15 10:07:09+00"
24,10,"2022-02-15 10:07:09+00"
13,9,"2022-02-15 10:07:09+00"
34,10,"2022-02-15 10:07:09+00"
57,3,"2022-02-15 10:07:09+00"
56,10,"2022-02-15 10:07:09+00"
8,16,"2022-02-15 10:07:09+00"
43,4,"2022-02-15 10:07:09+00"
26,6,"2022-02-15 10:07:09+00"
965,8,"2022-02-15 10:07:09+00"
59,8,"2022-02-15 10:07:09+00"
994,8,"2022-02-15 10:07:09+00"
17,12,"2022-02-15 10:07:09+00"
40,12,"2022-02-15 10:07:09+00"
991,7,"2022-02-15 10:07:09+00"
19,15,"2022-02-15 10:07:09+00"
68,5,"2022-02-15 10:07:09+00"
45,6,"2022-02-15 10:07:09+00"
47,5,"2022-02-15 10:07:09+00"
990,8,"2022-02-15 10:07:09+00"
62,11,"2022-02-15 10:07:09+00"
5,2,"2022-02-15 10:07:09+00"
1000,14,"2022-02-15 10:07:09+00"
64,14,"2022-02-15 10:07:09+00"
51,3,"2022-02-15 10:07:09+00"
52,5,"2022-02-15 10:07:09+00"
42,9,"2022-02-15 10:07:09+00"
980,8,"2022-02-15 10:07:09+00"
39,9,"2022-02-15 10:07:09+00"
973,16,"2022-02-15 10:07:09+00"
982,1,"2022-02-15 10:07:09+00"
992,2,"2022-02-15 10:07:09+00"
2,14,"2022-02-15 10:07:09+00"
37,9,"2022-02-15 10:07:09+00"
975,9,"2022-02-15 10:07:09+00"
978,11,"2022-02-15 10:07:09+00"
75,2,"2022-02-15 10:07:09+00"
101,10,"2022-02-15 10:07:09+00"
141,12,"2022-02-15 10:07:09+00"
108,5,"2022-02-15 10:07:09+00"
121,5,"2022-02-15 10:07:09+00"
107,9,"2022-02-15 10:07:09+00"
91,15,"2022-02-15 10:07:09+00"
99,11,"2022-02-15 10:07:09+00"
74,14,"2022-02-15 10:07:09+00"
143,13,"2022-02-15 10:07:09+00"
95,3,"2022-02-15 10:07:09+00"
128,3,"2022-02-15 10:07:09+00"
172,10,"2022-02-15 10:07:09+00"
120,5,"2022-02-15 10:07:09+00"
85,1,"2022-02-15 10:07:09+00"
138,8,"2022-02-15 10:07:09+00"
153,6,"2022-02-15 10:07:09+00"
173,12,"2022-02-15 10:07:09+00"
117,15,"2022-02-15 10:07:09+00"
167,9,"2022-02-15 10:07:09+00"
144,14,"2022-02-15 10:07:09+00"
82,3,"2022-02-15 10:07:09+00"
126,2,"2022-02-15 10:07:09+00"
109,6,"2022-02-15 10:07:09+00"
125,8,"2022-02-15 10:07:09+00"
140,9,"2022-02-15 10:07:09+00"
83,7,"2022-02-15 10:07:09+00"
79,12,"2022-02-15 10:07:09+00"
88,1,"2022-02-15 10:07:09+00"
148,11,"2022-02-15 10:07:09+00"
124,8,"2022-02-15 10:07:09+00"
92,4,"2022-02-15 10:07:09+00"
96,16,"2022-02-15 10:07:09+00"
142,7,"2022-02-15 10:07:09+00"
112,5,"2022-02-15 10:07:09+00"
132,16,"2022-02-15 10:07:09+00"
136,11,"2022-02-15 10:07:09+00"
84,2,"2022-02-15 10:07:09+00"
146,2,"2022-02-15 10:07:09+00"
158,9,"2022-02-15 10:07:09+00"
90,16,"2022-02-15 10:07:09+00"
86,11,"2022-02-15 10:07:09+00"
89,4,"2022-02-15 10:07:09+00"
80,13,"2022-02-15 10:07:09+00"
164,6,"2022-02-15 10:07:09+00"
87,10,"2022-02-15 10:07:09+00"
169,8,"2022-02-15 10:07:09+00"
170,12,"2022-02-15 10:07:09+00"
122,14,"2022-02-15 10:07:09+00"
171,10,"2022-02-15 10:07:09+00"
100,14,"2022-02-15 10:07:09+00"
154,16,"2022-02-15 10:07:09+00"
123,6,"2022-02-15 10:07:09+00"
149,15,"2022-02-15 10:07:09+00"
159,9,"2022-02-15 10:07:09+00"
76,11,"2022-02-15 10:07:09+00"
157,9,"2022-02-15 10:07:09+00"
174,15,"2022-02-15 10:07:09+00"
73,13,"2022-02-15 10:07:09+00"
97,1,"2022-02-15 10:07:09+00"
118,1,"2022-02-15 10:07:09+00"
133,11,"2022-02-15 10:07:09+00"
102,13,"2022-02-15 10:07:09+00"
161,3,"2022-02-15 10:07:09+00"
116,7,"2022-02-15 10:07:09+00"
105,4,"2022-02-15 10:07:09+00"
115,1,"2022-02-15 10:07:09+00"
98,12,"2022-02-15 10:07:09+00"
145,16,"2022-02-15 10:07:09+00"
139,3,"2022-02-15 10:07:09+00"
160,12,"2022-02-15 10:07:09+00"
72,6,"2022-02-15 10:07:09+00"
93,15,"2022-02-15 10:07:09+00"
110,6,"2022-02-15 10:07:09+00"
175,9,"2022-02-15 10:07:09+00"
70,2,"2022-02-15 10:07:09+00"
103,10,"2022-02-15 10:07:09+00"
114,10,"2022-02-15 10:07:09+00"
176,4,"2022-02-15 10:07:09+00"
151,5,"2022-02-15 10:07:09+00"
150,3,"2022-02-15 10:07:09+00"
104,3,"2022-02-15 10:07:09+00"
78,4,"2022-02-15 10:07:09+00"
94,14,"2022-02-15 10:07:09+00"
147,8,"2022-02-15 10:07:09+00"
156,7,"2022-02-15 10:07:09+00"
77,4,"2022-02-15 10:07:09+00"
81,13,"2022-02-15 10:07:09+00"
134,14,"2022-02-15 10:07:09+00"
152,15,"2022-02-15 10:07:09+00"
129,16,"2022-02-15 10:07:09+00"
111,7,"2022-02-15 10:07:09+00"
71,7,"2022-02-15 10:07:09+00"
135,8,"2022-02-15 10:07:09+00"
163,16,"2022-02-15 10:07:09+00"
113,13,"2022-02-15 10:07:09+00"
166,7,"2022-02-15 10:07:09+00"
106,1,"2022-02-15 10:07:09+00"
130,8,"2022-02-15 10:07:09+00"
162,2,"2022-02-15 10:07:09+00"
218,1,"2022-02-15 10:07:09+00"
282,1,"2022-02-15 10:07:09+00"
219,9,"2022-02-15 10:07:09+00"
275,9,"2022-02-15 10:07:09+00"
183,2,"2022-02-15 10:07:09+00"
257,10,"2022-02-15 10:07:09+00"
235,13,"2022-02-15 10:07:09+00"
230,14,"2022-02-15 10:07:09+00"
190,2,"2022-02-15 10:07:09+00"
205,6,"2022-02-15 10:07:09+00"
188,8,"2022-02-15 10:07:09+00"
244,9,"2022-02-15 10:07:09+00"
277,15,"2022-02-15 10:07:09+00"
249,10,"2022-02-15 10:07:09+00"
179,4,"2022-02-15 10:07:09+00"
246,4,"2022-02-15 10:07:09+00"
181,4,"2022-02-15 10:07:09+00"
247,2,"2022-02-15 10:07:09+00"
240,12,"2022-02-15 10:07:09+00"
228,14,"2022-02-15 10:07:09+00"
234,9,"2022-02-15 10:07:09+00"
210,2,"2022-02-15 10:07:09+00"
199,13,"2022-02-15 10:07:09+00"
196,9,"2022-02-15 10:07:09+00"
215,8,"2022-02-15 10:07:09+00"
252,6,"2022-02-15 10:07:09+00"
266,3,"2022-02-15 10:07:09+00"
184,10,"2022-02-15 10:07:09+00"
276,14,"2022-02-15 10:07:09+00"
221,7,"2022-02-15 10:07:09+00"
202,15,"2022-02-15 10:07:09+00"
223,2,"2022-02-15 10:07:09+00"
222,5,"2022-02-15 10:07:09+00"
186,7,"2022-02-15 10:07:09+00"
279,2,"2022-02-15 10:07:09+00"
207,3,"2022-02-15 10:07:09+00"
177,12,"2022-02-15 10:07:09+00"
264,15,"2022-02-15 10:07:09+00"
187,11,"2022-02-15 10:07:09+00"
203,15,"2022-02-15 10:07:09+00"
225,13,"2022-02-15 10:07:09+00"
231,1,"2022-02-15 10:07:09+00"
258,13,"2022-02-15 10:07:09+00"
195,4,"2022-02-15 10:07:09+00"
214,5,"2022-02-15 10:07:09+00"
191,12,"2022-02-15 10:07:09+00"
224,13,"2022-02-15 10:07:09+00"
233,5,"2022-02-15 10:07:09+00"
268,16,"2022-02-15 10:07:09+00"
200,10,"2022-02-15 10:07:09+00"
273,5,"2022-02-15 10:07:09+00"
220,14,"2022-02-15 10:07:09+00"
198,1,"2022-02-15 10:07:09+00"
250,12,"2022-02-15 10:07:09+00"
211,13,"2022-02-15 10:07:09+00"
267,11,"2022-02-15 10:07:09+00"
209,3,"2022-02-15 10:07:09+00"
229,14,"2022-02-15 10:07:09+00"
238,15,"2022-02-15 10:07:09+00"
208,3,"2022-02-15 10:07:09+00"
194,16,"2022-02-15 10:07:09+00"
243,6,"2022-02-15 10:07:09+00"
212,7,"2022-02-15 10:07:09+00"
245,6,"2022-02-15 10:07:09+00"
197,7,"2022-02-15 10:07:09+00"
262,3,"2022-02-15 10:07:09+00"
265,1,"2022-02-15 10:07:09+00"
193,5,"2022-02-15 10:07:09+00"
236,11,"2022-02-15 10:07:09+00"
254,1,"2022-02-15 10:07:09+00"
253,10,"2022-02-15 10:07:09+00"
242,15,"2022-02-15 10:07:09+00"
271,16,"2022-02-15 10:07:09+00"
232,7,"2022-02-15 10:07:09+00"
259,16,"2022-02-15 10:07:09+00"
261,12,"2022-02-15 10:07:09+00"
272,8,"2022-02-15 10:07:09+00"
248,14,"2022-02-15 10:07:09+00"
182,5,"2022-02-15 10:07:09+00"
217,15,"2022-02-15 10:07:09+00"
255,13,"2022-02-15 10:07:09+00"
241,10,"2022-02-15 10:07:09+00"
239,3,"2022-02-15 10:07:09+00"
280,8,"2022-02-15 10:07:09+00"
384,6,"2022-02-15 10:07:09+00"
192,7,"2022-02-15 10:07:09+00"
185,2,"2022-02-15 10:07:09+00"
283,11,"2022-02-15 10:07:09+00"
237,1,"2022-02-15 10:07:09+00"
201,3,"2022-02-15 10:07:09+00"
274,14,"2022-02-15 10:07:09+00"
189,12,"2022-02-15 10:07:09+00"
216,12,"2022-02-15 10:07:09+00"
270,4,"2022-02-15 10:07:09+00"
226,11,"2022-02-15 10:07:09+00"
178,10,"2022-02-15 10:07:09+00"
379,12,"2022-02-15 10:07:09+00"
363,16,"2022-02-15 10:07:09+00"
296,12,"2022-02-15 10:07:09+00"
346,3,"2022-02-15 10:07:09+00"
317,4,"2022-02-15 10:07:09+00"
300,5,"2022-02-15 10:07:09+00"
339,4,"2022-02-15 10:07:09+00"
299,1,"2022-02-15 10:07:09+00"
322,4,"2022-02-15 10:07:09+00"
360,4,"2022-02-15 10:07:09+00"
315,6,"2022-02-15 10:07:09+00"
284,14,"2022-02-15 10:07:09+00"
389,13,"2022-02-15 10:07:09+00"
303,6,"2022-02-15 10:07:09+00"
287,1,"2022-02-15 10:07:09+00"
366,7,"2022-02-15 10:07:09+00"
356,12,"2022-02-15 10:07:09+00"
318,5,"2022-02-15 10:07:09+00"
286,15,"2022-02-15 10:07:09+00"
387,8,"2022-02-15 10:07:09+00"
372,6,"2022-02-15 10:07:09+00"
352,7,"2022-02-15 10:07:09+00"
385,8,"2022-02-15 10:07:09+00"
377,4,"2022-02-15 10:07:09+00"
297,12,"2022-02-15 10:07:09+00"
308,5,"2022-02-15 10:07:09+00"
325,16,"2022-02-15 10:07:09+00"
320,3,"2022-02-15 10:07:09+00"
338,9,"2022-02-15 10:07:09+00"
295,11,"2022-02-15 10:07:09+00"
298,15,"2022-02-15 10:07:09+00"
353,15,"2022-02-15 10:07:09+00"
371,5,"2022-02-15 10:07:09+00"
311,16,"2022-02-15 10:07:09+00"
344,11,"2022-02-15 10:07:09+00"
329,11,"2022-02-15 10:07:09+00"
288,16,"2022-02-15 10:07:09+00"
351,10,"2022-02-15 10:07:09+00"
342,12,"2022-02-15 10:07:09+00"
365,10,"2022-02-15 10:07:09+00"
355,15,"2022-02-15 10:07:09+00"
337,5,"2022-02-15 10:07:09+00"
350,9,"2022-02-15 10:07:09+00"
312,8,"2022-02-15 10:07:09+00"
340,10,"2022-02-15 10:07:09+00"
368,7,"2022-02-15 10:07:09+00"
328,9,"2022-02-15 10:07:09+00"
326,6,"2022-02-15 10:07:09+00"
335,5,"2022-02-15 10:07:09+00"
316,1,"2022-02-15 10:07:09+00"
309,9,"2022-02-15 10:07:09+00"
293,9,"2022-02-15 10:07:09+00"
341,10,"2022-02-15 10:07:09+00"
380,8,"2022-02-15 10:07:09+00"
334,14,"2022-02-15 10:07:09+00"
369,1,"2022-02-15 10:07:09+00"
358,2,"2022-02-15 10:07:09+00"
291,9,"2022-02-15 10:07:09+00"
331,7,"2022-02-15 10:07:09+00"
305,15,"2022-02-15 10:07:09+00"
374,13,"2022-02-15 10:07:09+00"
391,2,"2022-02-15 10:07:09+00"
294,11,"2022-02-15 10:07:09+00"
370,16,"2022-02-15 10:07:09+00"
367,11,"2022-02-15 10:07:09+00"
386,14,"2022-02-15 10:07:09+00"
332,12,"2022-02-15 10:07:09+00"
343,6,"2022-02-15 10:07:09+00"
348,13,"2022-02-15 10:07:09+00"
345,14,"2022-02-15 10:07:09+00"
390,13,"2022-02-15 10:07:09+00"
349,13,"2022-02-15 10:07:09+00"
381,7,"2022-02-15 10:07:09+00"
362,10,"2022-02-15 10:07:09+00"
321,15,"2022-02-15 10:07:09+00"
307,8,"2022-02-15 10:07:09+00"
354,3,"2022-02-15 10:07:09+00"
314,11,"2022-02-15 10:07:09+00"
310,6,"2022-02-15 10:07:09+00"
361,9,"2022-02-15 10:07:09+00"
327,1,"2022-02-15 10:07:09+00"
357,5,"2022-02-15 10:07:09+00"
301,13,"2022-02-15 10:07:09+00"
290,14,"2022-02-15 10:07:09+00"
289,2,"2022-02-15 10:07:09+00"
388,4,"2022-02-15 10:07:09+00"
382,2,"2022-02-15 10:07:09+00"
347,1,"2022-02-15 10:07:09+00"
383,3,"2022-02-15 10:07:09+00"
304,7,"2022-02-15 10:07:09+00"
285,6,"2022-02-15 10:07:09+00"
302,3,"2022-02-15 10:07:09+00"
364,8,"2022-02-15 10:07:09+00"
333,8,"2022-02-15 10:07:09+00"
313,10,"2022-02-15 10:07:09+00"
323,16,"2022-02-15 10:07:09+00"
359,12,"2022-02-15 10:07:09+00"
330,14,"2022-02-15 10:07:09+00"
306,15,"2022-02-15 10:07:09+00"
336,2,"2022-02-15 10:07:09+00"
375,7,"2022-02-15 10:07:09+00"
435,10,"2022-02-15 10:07:09+00"
412,10,"2022-02-15 10:07:09+00"
492,16,"2022-02-15 10:07:09+00"
451,1,"2022-02-15 10:07:09+00"
404,3,"2022-02-15 10:07:09+00"
395,8,"2022-02-15 10:07:09+00"
494,3,"2022-02-15 10:07:09+00"
423,3,"2022-02-15 10:07:09+00"
436,8,"2022-02-15 10:07:09+00"
411,16,"2022-02-15 10:07:09+00"
424,14,"2022-02-15 10:07:09+00"
486,1,"2022-02-15 10:07:09+00"
405,16,"2022-02-15 10:07:09+00"
480,2,"2022-02-15 10:07:09+00"
399,8,"2022-02-15 10:07:09+00"
430,1,"2022-02-15 10:07:09+00"
479,9,"2022-02-15 10:07:09+00"
493,5,"2022-02-15 10:07:09+00"
392,14,"2022-02-15 10:07:09+00"
410,14,"2022-02-15 10:07:09+00"
393,2,"2022-02-15 10:07:09+00"
487,6,"2022-02-15 10:07:09+00"
402,12,"2022-02-15 10:07:09+00"
443,13,"2022-02-15 10:07:09+00"
418,7,"2022-02-15 10:07:09+00"
414,12,"2022-02-15 10:07:09+00"
483,12,"2022-02-15 10:07:09+00"
485,3,"2022-02-15 10:07:09+00"
408,13,"2022-02-15 10:07:09+00"
566,2,"2022-02-15 10:07:09+00"
406,7,"2022-02-15 10:07:09+00"
456,10,"2022-02-15 10:07:09+00"
470,9,"2022-02-15 10:07:09+00"
432,13,"2022-02-15 10:07:09+00"
474,10,"2022-02-15 10:07:09+00"
422,12,"2022-02-15 10:07:09+00"
469,15,"2022-02-15 10:07:09+00"
400,1,"2022-02-15 10:07:09+00"
401,8,"2022-02-15 10:07:09+00"
489,3,"2022-02-15 10:07:09+00"
448,6,"2022-02-15 10:07:09+00"
440,5,"2022-02-15 10:07:09+00"
403,14,"2022-02-15 10:07:09+00"
468,6,"2022-02-15 10:07:09+00"
429,13,"2022-02-15 10:07:09+00"
461,13,"2022-02-15 10:07:09+00"
454,6,"2022-02-15 10:07:09+00"
427,16,"2022-02-15 10:07:09+00"
417,9,"2022-02-15 10:07:09+00"
428,6,"2022-02-15 10:07:09+00"
482,10,"2022-02-15 10:07:09+00"
452,3,"2022-02-15 10:07:09+00"
409,10,"2022-02-15 10:07:09+00"
425,10,"2022-02-15 10:07:09+00"
439,16,"2022-02-15 10:07:09+00"
407,8,"2022-02-15 10:07:09+00"
447,16,"2022-02-15 10:07:09+00"
463,1,"2022-02-15 10:07:09+00"
415,9,"2022-02-15 10:07:09+00"
475,11,"2022-02-15 10:07:09+00"
457,4,"2022-02-15 10:07:09+00"
488,16,"2022-02-15 10:07:09+00"
476,9,"2022-02-15 10:07:09+00"
442,8,"2022-02-15 10:07:09+00"
396,13,"2022-02-15 10:07:09+00"
446,2,"2022-02-15 10:07:09+00"
450,7,"2022-02-15 10:07:09+00"
455,3,"2022-02-15 10:07:09+00"
441,11,"2022-02-15 10:07:09+00"
413,4,"2022-02-15 10:07:09+00"
416,2,"2022-02-15 10:07:09+00"
398,15,"2022-02-15 10:07:09+00"
491,1,"2022-02-15 10:07:09+00"
462,5,"2022-02-15 10:07:09+00"
444,1,"2022-02-15 10:07:09+00"
481,2,"2022-02-15 10:07:09+00"
464,2,"2022-02-15 10:07:09+00"
449,8,"2022-02-15 10:07:09+00"
421,7,"2022-02-15 10:07:09+00"
473,12,"2022-02-15 10:07:09+00"
467,15,"2022-02-15 10:07:09+00"
466,9,"2022-02-15 10:07:09+00"
445,4,"2022-02-15 10:07:09+00"
484,7,"2022-02-15 10:07:09+00"
397,15,"2022-02-15 10:07:09+00"
472,5,"2022-02-15 10:07:09+00"
497,12,"2022-02-15 10:07:09+00"
495,9,"2022-02-15 10:07:09+00"
438,6,"2022-02-15 10:07:09+00"
458,4,"2022-02-15 10:07:09+00"
478,7,"2022-02-15 10:07:09+00"
434,5,"2022-02-15 10:07:09+00"
431,11,"2022-02-15 10:07:09+00"
419,14,"2022-02-15 10:07:09+00"
503,3,"2022-02-15 10:07:09+00"
598,15,"2022-02-15 10:07:09+00"
532,8,"2022-02-15 10:07:09+00"
584,1,"2022-02-15 10:07:09+00"
586,15,"2022-02-15 10:07:09+00"
561,2,"2022-02-15 10:07:09+00"
542,10,"2022-02-15 10:07:09+00"
547,4,"2022-02-15 10:07:09+00"
517,13,"2022-02-15 10:07:09+00"
504,13,"2022-02-15 10:07:09+00"
582,8,"2022-02-15 10:07:09+00"
505,1,"2022-02-15 10:07:09+00"
528,16,"2022-02-15 10:07:09+00"
552,7,"2022-02-15 10:07:09+00"
520,11,"2022-02-15 10:07:09+00"
549,15,"2022-02-15 10:07:09+00"
600,5,"2022-02-15 10:07:09+00"
567,9,"2022-02-15 10:07:09+00"
509,12,"2022-02-15 10:07:09+00"
544,2,"2022-02-15 10:07:09+00"
559,4,"2022-02-15 10:07:09+00"
565,7,"2022-02-15 10:07:09+00"
562,8,"2022-02-15 10:07:09+00"
596,14,"2022-02-15 10:07:09+00"
558,6,"2022-02-15 10:07:09+00"
516,9,"2022-02-15 10:07:09+00"
568,11,"2022-02-15 10:07:09+00"
590,1,"2022-02-15 10:07:09+00"
524,6,"2022-02-15 10:07:09+00"
545,14,"2022-02-15 10:07:09+00"
576,16,"2022-02-15 10:07:09+00"
591,9,"2022-02-15 10:07:09+00"
563,7,"2022-02-15 10:07:09+00"
529,10,"2022-02-15 10:07:09+00"
539,8,"2022-02-15 10:07:09+00"
500,6,"2022-02-15 10:07:09+00"
551,16,"2022-02-15 10:07:09+00"
581,4,"2022-02-15 10:07:09+00"
587,6,"2022-02-15 10:07:09+00"
557,12,"2022-02-15 10:07:09+00"
578,15,"2022-02-15 10:07:09+00"
604,5,"2022-02-15 10:07:09+00"
571,10,"2022-02-15 10:07:09+00"
579,16,"2022-02-15 10:07:09+00"
570,4,"2022-02-15 10:07:09+00"
499,7,"2022-02-15 10:07:09+00"
594,11,"2022-02-15 10:07:09+00"
510,16,"2022-02-15 10:07:09+00"
501,13,"2022-02-15 10:07:09+00"
525,3,"2022-02-15 10:07:09+00"
519,1,"2022-02-15 10:07:09+00"
536,9,"2022-02-15 10:07:09+00"
574,3,"2022-02-15 10:07:09+00"
513,2,"2022-02-15 10:07:09+00"
531,14,"2022-02-15 10:07:09+00"
540,12,"2022-02-15 10:07:09+00"
556,11,"2022-02-15 10:07:09+00"
580,13,"2022-02-15 10:07:09+00"
506,4,"2022-02-15 10:07:09+00"
577,9,"2022-02-15 10:07:09+00"
514,1,"2022-02-15 10:07:09+00"
554,14,"2022-02-15 10:07:09+00"
597,6,"2022-02-15 10:07:09+00"
522,1,"2022-02-15 10:07:09+00"
535,5,"2022-02-15 10:07:09+00"
564,11,"2022-02-15 10:07:09+00"
569,14,"2022-02-15 10:07:09+00"
511,7,"2022-02-15 10:07:09+00"
518,2,"2022-02-15 10:07:09+00"
541,4,"2022-02-15 10:07:09+00"
603,12,"2022-02-15 10:07:09+00"
575,11,"2022-02-15 10:07:09+00"
560,13,"2022-02-15 10:07:09+00"
533,3,"2022-02-15 10:07:09+00"
592,1,"2022-02-15 10:07:09+00"
602,7,"2022-02-15 10:07:09+00"
546,10,"2022-02-15 10:07:09+00"
515,3,"2022-02-15 10:07:09+00"
530,3,"2022-02-15 10:07:09+00"
523,13,"2022-02-15 10:07:09+00"
543,10,"2022-02-15 10:07:09+00"
595,12,"2022-02-15 10:07:09+00"
537,10,"2022-02-15 10:07:09+00"
534,5,"2022-02-15 10:07:09+00"
538,14,"2022-02-15 10:07:09+00"
508,15,"2022-02-15 10:07:09+00"
583,6,"2022-02-15 10:07:09+00"
573,5,"2022-02-15 10:07:09+00"
601,8,"2022-02-15 10:07:09+00"
553,11,"2022-02-15 10:07:09+00"
548,14,"2022-02-15 10:07:09+00"
588,15,"2022-02-15 10:07:09+00"
589,4,"2022-02-15 10:07:09+00"
498,16,"2022-02-15 10:07:09+00"
550,16,"2022-02-15 10:07:09+00"
593,5,"2022-02-15 10:07:09+00"
599,3,"2022-02-15 10:07:09+00"
527,9,"2022-02-15 10:07:09+00"
512,2,"2022-02-15 10:07:09+00"
526,2,"2022-02-15 10:07:09+00"
555,15,"2022-02-15 10:07:09+00"
572,12,"2022-02-15 10:07:09+00"
702,10,"2022-02-15 10:07:09+00"
695,11,"2022-02-15 10:07:09+00"
641,14,"2022-02-15 10:07:09+00"
634,7,"2022-02-15 10:07:09+00"
684,12,"2022-02-15 10:07:09+00"
691,15,"2022-02-15 10:07:09+00"
644,5,"2022-02-15 10:07:09+00"
709,14,"2022-02-15 10:07:09+00"
614,6,"2022-02-15 10:07:09+00"
650,4,"2022-02-15 10:07:09+00"
689,8,"2022-02-15 10:07:09+00"
680,16,"2022-02-15 10:07:09+00"
648,13,"2022-02-15 10:07:09+00"
620,2,"2022-02-15 10:07:09+00"
669,3,"2022-02-15 10:07:09+00"
676,15,"2022-02-15 10:07:09+00"
693,6,"2022-02-15 10:07:09+00"
639,13,"2022-02-15 10:07:09+00"
613,9,"2022-02-15 10:07:09+00"
642,1,"2022-02-15 10:07:09+00"
664,14,"2022-02-15 10:07:09+00"
707,12,"2022-02-15 10:07:09+00"
656,4,"2022-02-15 10:07:09+00"
655,4,"2022-02-15 10:07:09+00"
651,9,"2022-02-15 10:07:09+00"
616,13,"2022-02-15 10:07:09+00"
617,15,"2022-02-15 10:07:09+00"
701,14,"2022-02-15 10:07:09+00"
692,3,"2022-02-15 10:07:09+00"
658,16,"2022-02-15 10:07:09+00"
674,7,"2022-02-15 10:07:09+00"
690,11,"2022-02-15 10:07:09+00"
624,4,"2022-02-15 10:07:09+00"
665,6,"2022-02-15 10:07:09+00"
663,16,"2022-02-15 10:07:09+00"
628,9,"2022-02-15 10:07:09+00"
705,8,"2022-02-15 10:07:09+00"
710,4,"2022-02-15 10:07:09+00"
654,11,"2022-02-15 10:07:09+00"
619,1,"2022-02-15 10:07:09+00"
605,16,"2022-02-15 10:07:09+00"
661,16,"2022-02-15 10:07:09+00"
698,8,"2022-02-15 10:07:09+00"
627,10,"2022-02-15 10:07:09+00"
612,10,"2022-02-15 10:07:09+00"
611,13,"2022-02-15 10:07:09+00"
609,15,"2022-02-15 10:07:09+00"
700,4,"2022-02-15 10:07:09+00"
666,8,"2022-02-15 10:07:09+00"
633,2,"2022-02-15 10:07:09+00"
677,15,"2022-02-15 10:07:09+00"
606,6,"2022-02-15 10:07:09+00"
632,2,"2022-02-15 10:07:09+00"
711,5,"2022-02-15 10:07:09+00"
631,6,"2022-02-15 10:07:09+00"
652,11,"2022-02-15 10:07:09+00"
715,5,"2022-02-15 10:07:09+00"
683,1,"2022-02-15 10:07:09+00"
629,16,"2022-02-15 10:07:09+00"
704,3,"2022-02-15 10:07:09+00"
662,11,"2022-02-15 10:07:09+00"
699,11,"2022-02-15 10:07:09+00"
673,11,"2022-02-15 10:07:09+00"
667,9,"2022-02-15 10:07:09+00"
697,9,"2022-02-15 10:07:09+00"
649,10,"2022-02-15 10:07:09+00"
703,8,"2022-02-15 10:07:09+00"
668,7,"2022-02-15 10:07:09+00"
708,12,"2022-02-15 10:07:09+00"
643,3,"2022-02-15 10:07:09+00"
623,10,"2022-02-15 10:07:09+00"
672,10,"2022-02-15 10:07:09+00"
638,16,"2022-02-15 10:07:09+00"
635,1,"2022-02-15 10:07:09+00"
694,12,"2022-02-15 10:07:09+00"
621,6,"2022-02-15 10:07:09+00"
647,13,"2022-02-15 10:07:09+00"
660,15,"2022-02-15 10:07:09+00"
685,3,"2022-02-15 10:07:09+00"
640,8,"2022-02-15 10:07:09+00"
686,13,"2022-02-15 10:07:09+00"
622,5,"2022-02-15 10:07:09+00"
653,12,"2022-02-15 10:07:09+00"
681,12,"2022-02-15 10:07:09+00"
615,1,"2022-02-15 10:07:09+00"
688,7,"2022-02-15 10:07:09+00"
625,14,"2022-02-15 10:07:09+00"
706,7,"2022-02-15 10:07:09+00"
630,10,"2022-02-15 10:07:09+00"
646,12,"2022-02-15 10:07:09+00"
679,15,"2022-02-15 10:07:09+00"
696,3,"2022-02-15 10:07:09+00"
675,14,"2022-02-15 10:07:09+00"
645,7,"2022-02-15 10:07:09+00"
626,2,"2022-02-15 10:07:09+00"
618,7,"2022-02-15 10:07:09+00"
657,6,"2022-02-15 10:07:09+00"
607,9,"2022-02-15 10:07:09+00"
659,1,"2022-02-15 10:07:09+00"
687,14,"2022-02-15 10:07:09+00"
637,2,"2022-02-15 10:07:09+00"
608,2,"2022-02-15 10:07:09+00"
636,13,"2022-02-15 10:07:09+00"
759,3,"2022-02-15 10:07:09+00"
734,11,"2022-02-15 10:07:09+00"
801,6,"2022-02-15 10:07:09+00"
736,1,"2022-02-15 10:07:09+00"
737,13,"2022-02-15 10:07:09+00"
742,4,"2022-02-15 10:07:09+00"
812,6,"2022-02-15 10:07:09+00"
758,16,"2022-02-15 10:07:09+00"
725,12,"2022-02-15 10:07:09+00"
747,16,"2022-02-15 10:07:09+00"
720,6,"2022-02-15 10:07:09+00"
751,7,"2022-02-15 10:07:09+00"
719,7,"2022-02-15 10:07:09+00"
781,10,"2022-02-15 10:07:09+00"
809,16,"2022-02-15 10:07:09+00"
755,15,"2022-02-15 10:07:09+00"
750,10,"2022-02-15 10:07:09+00"
793,13,"2022-02-15 10:07:09+00"
730,11,"2022-02-15 10:07:09+00"
713,1,"2022-02-15 10:07:09+00"
754,10,"2022-02-15 10:07:09+00"
778,2,"2022-02-15 10:07:09+00"
768,9,"2022-02-15 10:07:09+00"
779,3,"2022-02-15 10:07:09+00"
732,3,"2022-02-15 10:07:09+00"
798,3,"2022-02-15 10:07:09+00"
813,9,"2022-02-15 10:07:09+00"
807,13,"2022-02-15 10:07:09+00"
752,9,"2022-02-15 10:07:09+00"
767,12,"2022-02-15 10:07:09+00"
723,9,"2022-02-15 10:07:09+00"
775,4,"2022-02-15 10:07:09+00"
749,13,"2022-02-15 10:07:09+00"
776,11,"2022-02-15 10:07:09+00"
803,14,"2022-02-15 10:07:09+00"
797,2,"2022-02-15 10:07:09+00"
728,4,"2022-02-15 10:07:09+00"
814,2,"2022-02-15 10:07:09+00"
722,13,"2022-02-15 10:07:09+00"
784,2,"2022-02-15 10:07:09+00"
804,5,"2022-02-15 10:07:09+00"
806,5,"2022-02-15 10:07:09+00"
745,9,"2022-02-15 10:07:09+00"
724,15,"2022-02-15 10:07:09+00"
718,7,"2022-02-15 10:07:09+00"
764,11,"2022-02-15 10:07:09+00"
810,1,"2022-02-15 10:07:09+00"
805,3,"2022-02-15 10:07:09+00"
726,14,"2022-02-15 10:07:09+00"
731,12,"2022-02-15 10:07:09+00"
763,12,"2022-02-15 10:07:09+00"
766,10,"2022-02-15 10:07:09+00"
780,14,"2022-02-15 10:07:09+00"
818,15,"2022-02-15 10:07:09+00"
791,10,"2022-02-15 10:07:09+00"
795,3,"2022-02-15 10:07:09+00"
716,11,"2022-02-15 10:07:09+00"
735,5,"2022-02-15 10:07:09+00"
761,10,"2022-02-15 10:07:09+00"
769,12,"2022-02-15 10:07:09+00"
771,2,"2022-02-15 10:07:09+00"
802,1,"2022-02-15 10:07:09+00"
799,7,"2022-02-15 10:07:09+00"
772,10,"2022-02-15 10:07:09+00"
816,2,"2022-02-15 10:07:09+00"
733,4,"2022-02-15 10:07:09+00"
783,1,"2022-02-15 10:07:09+00"
765,4,"2022-02-15 10:07:09+00"
817,8,"2022-02-15 10:07:09+00"
744,8,"2022-02-15 10:07:09+00"
757,9,"2022-02-15 10:07:09+00"
760,14,"2022-02-15 10:07:09+00"
739,7,"2022-02-15 10:07:09+00"
800,8,"2022-02-15 10:07:09+00"
796,7,"2022-02-15 10:07:09+00"
717,7,"2022-02-15 10:07:09+00"
762,8,"2022-02-15 10:07:09+00"
748,6,"2022-02-15 10:07:09+00"
741,8,"2022-02-15 10:07:09+00"
808,2,"2022-02-15 10:07:09+00"
774,9,"2022-02-15 10:07:09+00"
790,16,"2022-02-15 10:07:09+00"
729,4,"2022-02-15 10:07:09+00"
811,5,"2022-02-15 10:07:09+00"
913,1,"2022-02-15 10:07:09+00"
815,14,"2022-02-15 10:07:09+00"
756,6,"2022-02-15 10:07:09+00"
787,6,"2022-02-15 10:07:09+00"
785,16,"2022-02-15 10:07:09+00"
782,15,"2022-02-15 10:07:09+00"
770,4,"2022-02-15 10:07:09+00"
714,8,"2022-02-15 10:07:09+00"
773,1,"2022-02-15 10:07:09+00"
794,3,"2022-02-15 10:07:09+00"
727,5,"2022-02-15 10:07:09+00"
786,5,"2022-02-15 10:07:09+00"
914,6,"2022-02-15 10:07:09+00"
866,15,"2022-02-15 10:07:09+00"
915,3,"2022-02-15 10:07:09+00"
900,16,"2022-02-15 10:07:09+00"
874,5,"2022-02-15 10:07:09+00"
853,3,"2022-02-15 10:07:09+00"
917,8,"2022-02-15 10:07:09+00"
908,1,"2022-02-15 10:07:09+00"
836,7,"2022-02-15 10:07:09+00"
822,8,"2022-02-15 10:07:09+00"
837,15,"2022-02-15 10:07:09+00"
910,7,"2022-02-15 10:07:09+00"
854,2,"2022-02-15 10:07:09+00"
829,12,"2022-02-15 10:07:09+00"
852,13,"2022-02-15 10:07:09+00"
884,5,"2022-02-15 10:07:09+00"
926,5,"2022-02-15 10:07:09+00"
870,3,"2022-02-15 10:07:09+00"
847,1,"2022-02-15 10:07:09+00"
885,14,"2022-02-15 10:07:09+00"
827,13,"2022-02-15 10:07:09+00"
867,11,"2022-02-15 10:07:09+00"
849,5,"2022-02-15 10:07:09+00"
873,6,"2022-02-15 10:07:09+00"
872,16,"2022-02-15 10:07:09+00"
902,3,"2022-02-15 10:07:09+00"
904,6,"2022-02-15 10:07:09+00"
825,4,"2022-02-15 10:07:09+00"
839,10,"2022-02-15 10:07:09+00"
824,11,"2022-02-15 10:07:09+00"
828,3,"2022-02-15 10:07:09+00"
835,9,"2022-02-15 10:07:09+00"
833,10,"2022-02-15 10:07:09+00"
851,7,"2022-02-15 10:07:09+00"
924,13,"2022-02-15 10:07:09+00"
823,10,"2022-02-15 10:07:09+00"
888,1,"2022-02-15 10:07:09+00"
861,7,"2022-02-15 10:07:09+00"
901,8,"2022-02-15 10:07:09+00"
855,7,"2022-02-15 10:07:09+00"
869,2,"2022-02-15 10:07:09+00"
893,3,"2022-02-15 10:07:09+00"
875,16,"2022-02-15 10:07:09+00"
892,15,"2022-02-15 10:07:09+00"
832,4,"2022-02-15 10:07:09+00"
882,4,"2022-02-15 10:07:09+00"
891,4,"2022-02-15 10:07:09+00"
865,2,"2022-02-15 10:07:09+00"
905,8,"2022-02-15 10:07:09+00"
859,6,"2022-02-15 10:07:09+00"
821,14,"2022-02-15 10:07:09+00"
858,11,"2022-02-15 10:07:09+00"
909,9,"2022-02-15 10:07:09+00"
838,3,"2022-02-15 10:07:09+00"
925,9,"2022-02-15 10:07:09+00"
843,2,"2022-02-15 10:07:09+00"
919,2,"2022-02-15 10:07:09+00"
899,4,"2022-02-15 10:07:09+00"
826,12,"2022-02-15 10:07:09+00"
907,9,"2022-02-15 10:07:09+00"
906,10,"2022-02-15 10:07:09+00"
820,15,"2022-02-15 10:07:09+00"
923,12,"2022-02-15 10:07:09+00"
830,9,"2022-02-15 10:07:09+00"
868,13,"2022-02-15 10:07:09+00"
831,14,"2022-02-15 10:07:09+00"
916,2,"2022-02-15 10:07:09+00"
879,10,"2022-02-15 10:07:09+00"
856,15,"2022-02-15 10:07:09+00"
876,12,"2022-02-15 10:07:09+00"
911,6,"2022-02-15 10:07:09+00"
912,9,"2022-02-15 10:07:09+00"
895,13,"2022-02-15 10:07:09+00"
918,5,"2022-02-15 10:07:09+00"
880,6,"2022-02-15 10:07:09+00"
834,13,"2022-02-15 10:07:09+00"
877,16,"2022-02-15 10:07:09+00"
890,14,"2022-02-15 10:07:09+00"
864,8,"2022-02-15 10:07:09+00"
848,12,"2022-02-15 10:07:09+00"
921,12,"2022-02-15 10:07:09+00"
862,13,"2022-02-15 10:07:09+00"
883,1,"2022-02-15 10:07:09+00"
860,4,"2022-02-15 10:07:09+00"
841,11,"2022-02-15 10:07:09+00"
863,14,"2022-02-15 10:07:09+00"
878,7,"2022-02-15 10:07:09+00"
881,2,"2022-02-15 10:07:09+00"
903,5,"2022-02-15 10:07:09+00"
844,1,"2022-02-15 10:07:09+00"
857,8,"2022-02-15 10:07:09+00"
897,16,"2022-02-15 10:07:09+00"
840,12,"2022-02-15 10:07:09+00"
850,14,"2022-02-15 10:07:09+00"
886,5,"2022-02-15 10:07:09+00"
846,16,"2022-02-15 10:07:09+00"
887,6,"2022-02-15 10:07:09+00"
920,14,"2022-02-15 10:07:09+00"
842,10,"2022-02-15 10:07:09+00"
898,11,"2022-02-15 10:07:09+00"
958,13,"2022-02-15 10:07:09+00"
976,11,"2022-02-15 10:07:09+00"
13,5,"2022-02-15 10:07:09+00"
983,2,"2022-02-15 10:07:09+00"
953,6,"2022-02-15 10:07:09+00"
974,7,"2022-02-15 10:07:09+00"
8,4,"2022-02-15 10:07:09+00"
957,10,"2022-02-15 10:07:09+00"
954,10,"2022-02-15 10:07:09+00"
982,9,"2022-02-15 10:07:09+00"
20,15,"2022-02-15 10:07:09+00"
939,9,"2022-02-15 10:07:09+00"
25,4,"2022-02-15 10:07:09+00"
932,13,"2022-02-15 10:07:09+00"
32,7,"2022-02-15 10:07:09+00"
929,6,"2022-02-15 10:07:09+00"
15,3,"2022-02-15 10:07:09+00"
927,13,"2022-02-15 10:07:09+00"
960,7,"2022-02-15 10:07:09+00"
24,8,"2022-02-15 10:07:09+00"
999,16,"2022-02-15 10:07:09+00"
961,12,"2022-02-15 10:07:09+00"
988,12,"2022-02-15 10:07:09+00"
933,5,"2022-02-15 10:07:09+00"
944,13,"2022-02-15 10:07:09+00"
17,4,"2022-02-15 10:07:09+00"
937,15,"2022-02-15 10:07:09+00"
998,15,"2022-02-15 10:07:09+00"
10,16,"2022-02-15 10:07:09+00"
946,13,"2022-02-15 10:07:09+00"
975,2,"2022-02-15 10:07:09+00"
1,16,"2022-02-15 10:07:09+00"
985,1,"2022-02-15 10:07:09+00"
972,5,"2022-02-15 10:07:09+00"
18,16,"2022-02-15 10:07:09+00"
935,14,"2022-02-15 10:07:09+00"
16,14,"2022-02-15 10:07:09+00"
948,9,"2022-02-15 10:07:09+00"
936,1,"2022-02-15 10:07:09+00"
14,5,"2022-02-15 10:07:09+00"
934,3,"2022-02-15 10:07:09+00"
2,13,"2022-02-15 10:07:09+00"
973,9,"2022-02-15 10:07:09+00"
987,14,"2022-02-15 10:07:09+00"
962,12,"2022-02-15 10:07:09+00"
964,8,"2022-02-15 10:07:09+00"
991,3,"2022-02-15 10:07:09+00"
986,8,"2022-02-15 10:07:09+00"
993,7,"2022-02-15 10:07:09+00"
996,8,"2022-02-15 10:07:09+00"
968,16,"2022-02-15 10:07:09+00"
966,10,"2022-02-15 10:07:09+00"
992,4,"2022-02-15 10:07:09+00"
978,9,"2022-02-15 10:07:09+00"
952,4,"2022-02-15 10:07:09+00"
990,5,"2022-02-15 10:07:09+00"
994,2,"2022-02-15 10:07:09+00"
956,7,"2022-02-15 10:07:09+00"
997,7,"2022-02-15 10:07:09+00"
9,11,"2022-02-15 10:07:09+00"
963,11,"2022-02-15 10:07:09+00"
951,2,"2022-02-15 10:07:09+00"
30,3,"2022-02-15 10:07:09+00"
27,16,"2022-02-15 10:07:09+00"
23,11,"2022-02-15 10:07:09+00"
21,12,"2022-02-15 10:07:09+00"
969,2,"2022-02-15 10:07:09+00"
967,1,"2022-02-15 10:07:09+00"
955,8,"2022-02-15 10:07:09+00"
213,15,"2022-02-15 10:07:09+00"
970,12,"2022-02-15 10:07:09+00"
928,15,"2022-02-15 10:07:09+00"
6,9,"2022-02-15 10:07:09+00"
943,11,"2022-02-15 10:07:09+00"
941,8,"2022-02-15 10:07:09+00"
103,7,"2022-02-15 10:07:09+00"
59,3,"2022-02-15 10:07:09+00"
77,9,"2022-02-15 10:07:09+00"
33,10,"2022-02-15 10:07:09+00"
75,11,"2022-02-15 10:07:09+00"
62,15,"2022-02-15 10:07:09+00"
132,4,"2022-02-15 10:07:09+00"
81,11,"2022-02-15 10:07:09+00"
92,8,"2022-02-15 10:07:09+00"
80,14,"2022-02-15 10:07:09+00"
119,12,"2022-02-15 10:07:09+00"
40,11,"2022-02-15 10:07:09+00"
79,14,"2022-02-15 10:07:09+00"
128,1,"2022-02-15 10:07:09+00"
69,14,"2022-02-15 10:07:09+00"
117,12,"2022-02-15 10:07:09+00"
50,10,"2022-02-15 10:07:09+00"
39,10,"2022-02-15 10:07:09+00"
123,4,"2022-02-15 10:07:09+00"
48,3,"2022-02-15 10:07:09+00"
116,3,"2022-02-15 10:07:09+00"
58,9,"2022-02-15 10:07:09+00"
113,7,"2022-02-15 10:07:09+00"
131,3,"2022-02-15 10:07:09+00"
63,1,"2022-02-15 10:07:09+00"
102,2,"2022-02-15 10:07:09+00"
89,2,"2022-02-15 10:07:09+00"
42,6,"2022-02-15 10:07:09+00"
49,5,"2022-02-15 10:07:09+00"
52,8,"2022-02-15 10:07:09+00"
115,9,"2022-02-15 10:07:09+00"
124,12,"2022-02-15 10:07:09+00"
60,11,"2022-02-15 10:07:09+00"
73,8,"2022-02-15 10:07:09+00"
43,9,"2022-02-15 10:07:09+00"
82,12,"2022-02-15 10:07:09+00"
55,4,"2022-02-15 10:07:09+00"
122,13,"2022-02-15 10:07:09+00"
130,14,"2022-02-15 10:07:09+00"
135,13,"2022-02-15 10:07:09+00"
84,10,"2022-02-15 10:07:09+00"
99,6,"2022-02-15 10:07:09+00"
100,15,"2022-02-15 10:07:09+00"
98,15,"2022-02-15 10:07:09+00"
129,6,"2022-02-15 10:07:09+00"
67,12,"2022-02-15 10:07:09+00"
111,2,"2022-02-15 10:07:09+00"
76,4,"2022-02-15 10:07:09+00"
101,4,"2022-02-15 10:07:09+00"
94,15,"2022-02-15 10:07:09+00"
44,5,"2022-02-15 10:07:09+00"
66,1,"2022-02-15 10:07:09+00"
127,11,"2022-02-15 10:07:09+00"
118,12,"2022-02-15 10:07:09+00"
107,13,"2022-02-15 10:07:09+00"
57,8,"2022-02-15 10:07:09+00"
45,5,"2022-02-15 10:07:09+00"
36,7,"2022-02-15 10:07:09+00"
53,13,"2022-02-15 10:07:09+00"
88,2,"2022-02-15 10:07:09+00"
90,7,"2022-02-15 10:07:09+00"
47,7,"2022-02-15 10:07:09+00"
35,13,"2022-02-15 10:07:09+00"
96,6,"2022-02-15 10:07:09+00"
134,6,"2022-02-15 10:07:09+00"
110,2,"2022-02-15 10:07:09+00"
87,16,"2022-02-15 10:07:09+00"
105,8,"2022-02-15 10:07:09+00"
112,9,"2022-02-15 10:07:09+00"
93,4,"2022-02-15 10:07:09+00"
97,11,"2022-02-15 10:07:09+00"
139,12,"2022-02-15 10:07:09+00"
41,2,"2022-02-15 10:07:09+00"
133,7,"2022-02-15 10:07:09+00"
56,14,"2022-02-15 10:07:09+00"
70,15,"2022-02-15 10:07:09+00"
106,9,"2022-02-15 10:07:09+00"
114,2,"2022-02-15 10:07:09+00"
136,5,"2022-02-15 10:07:09+00"
61,16,"2022-02-15 10:07:09+00"
65,1,"2022-02-15 10:07:09+00"
64,16,"2022-02-15 10:07:09+00"
46,3,"2022-02-15 10:07:09+00"
86,10,"2022-02-15 10:07:09+00"
54,1,"2022-02-15 10:07:09+00"
137,10,"2022-02-15 10:07:09+00"
126,15,"2022-02-15 10:07:09+00"
68,13,"2022-02-15 10:07:09+00"
120,9,"2022-02-15 10:07:09+00"
108,11,"2022-02-15 10:07:09+00"
34,16,"2022-02-15 10:07:09+00"
85,16,"2022-02-15 10:07:09+00"
125,16,"2022-02-15 10:07:09+00"
216,16,"2022-02-15 10:07:09+00"
209,8,"2022-02-15 10:07:09+00"
211,7,"2022-02-15 10:07:09+00"
142,9,"2022-02-15 10:07:09+00"
212,6,"2022-02-15 10:07:09+00"
178,9,"2022-02-15 10:07:09+00"
200,3,"2022-02-15 10:07:09+00"
175,12,"2022-02-15 10:07:09+00"
210,1,"2022-02-15 10:07:09+00"
162,1,"2022-02-15 10:07:09+00"
169,5,"2022-02-15 10:07:09+00"
236,13,"2022-02-15 10:07:09+00"
141,4,"2022-02-15 10:07:09+00"
245,7,"2022-02-15 10:07:09+00"
244,8,"2022-02-15 10:07:09+00"
181,13,"2022-02-15 10:07:09+00"
214,14,"2022-02-15 10:07:09+00"
208,2,"2022-02-15 10:07:09+00"
234,6,"2022-02-15 10:07:09+00"
203,12,"2022-02-15 10:07:09+00"
196,4,"2022-02-15 10:07:09+00"
160,8,"2022-02-15 10:07:09+00"
176,16,"2022-02-15 10:07:09+00"
226,4,"2022-02-15 10:07:09+00"
241,4,"2022-02-15 10:07:09+00"
167,6,"2022-02-15 10:07:09+00"
186,14,"2022-02-15 10:07:09+00"
201,15,"2022-02-15 10:07:09+00"
192,15,"2022-02-15 10:07:09+00"
221,16,"2022-02-15 10:07:09+00"
215,9,"2022-02-15 10:07:09+00"
202,10,"2022-02-15 10:07:09+00"
232,13,"2022-02-15 10:07:09+00"
140,3,"2022-02-15 10:07:09+00"
161,16,"2022-02-15 10:07:09+00"
205,16,"2022-02-15 10:07:09+00"
219,8,"2022-02-15 10:07:09+00"
172,3,"2022-02-15 10:07:09+00"
143,1,"2022-02-15 10:07:09+00"
190,11,"2022-02-15 10:07:09+00"
207,4,"2022-02-15 10:07:09+00"
198,7,"2022-02-15 10:07:09+00"
164,8,"2022-02-15 10:07:09+00"
163,4,"2022-02-15 10:07:09+00"
166,6,"2022-02-15 10:07:09+00"
237,13,"2022-02-15 10:07:09+00"
157,12,"2022-02-15 10:07:09+00"
240,5,"2022-02-15 10:07:09+00"
155,2,"2022-02-15 10:07:09+00"
223,15,"2022-02-15 10:07:09+00"
182,13,"2022-02-15 10:07:09+00"
229,6,"2022-02-15 10:07:09+00"
228,5,"2022-02-15 10:07:09+00"
230,10,"2022-02-15 10:07:09+00"
170,10,"2022-02-15 10:07:09+00"
146,7,"2022-02-15 10:07:09+00"
239,16,"2022-02-15 10:07:09+00"
145,10,"2022-02-15 10:07:09+00"
180,7,"2022-02-15 10:07:09+00"
171,5,"2022-02-15 10:07:09+00"
147,16,"2022-02-15 10:07:09+00"
158,3,"2022-02-15 10:07:09+00"
187,3,"2022-02-15 10:07:09+00"
235,5,"2022-02-15 10:07:09+00"
193,8,"2022-02-15 10:07:09+00"
177,4,"2022-02-15 10:07:09+00"
189,14,"2022-02-15 10:07:09+00"
153,10,"2022-02-15 10:07:09+00"
227,1,"2022-02-15 10:07:09+00"
238,11,"2022-02-15 10:07:09+00"
165,6,"2022-02-15 10:07:09+00"
222,2,"2022-02-15 10:07:09+00"
183,5,"2022-02-15 10:07:09+00"
204,13,"2022-02-15 10:07:09+00"
156,3,"2022-02-15 10:07:09+00"
220,9,"2022-02-15 10:07:09+00"
194,12,"2022-02-15 10:07:09+00"
233,1,"2022-02-15 10:07:09+00"
218,14,"2022-02-15 10:07:09+00"
188,14,"2022-02-15 10:07:09+00"
231,14,"2022-02-15 10:07:09+00"
247,11,"2022-02-15 10:07:09+00"
159,1,"2022-02-15 10:07:09+00"
246,14,"2022-02-15 10:07:09+00"
151,11,"2022-02-15 10:07:09+00"
195,15,"2022-02-15 10:07:09+00"
144,11,"2022-02-15 10:07:09+00"
206,7,"2022-02-15 10:07:09+00"
179,1,"2022-02-15 10:07:09+00"
224,2,"2022-02-15 10:07:09+00"
174,2,"2022-02-15 10:07:09+00"
243,2,"2022-02-15 10:07:09+00"
294,10,"2022-02-15 10:07:09+00"
307,3,"2022-02-15 10:07:09+00"
279,11,"2022-02-15 10:07:09+00"
251,7,"2022-02-15 10:07:09+00"
266,10,"2022-02-15 10:07:09+00"
306,8,"2022-02-15 10:07:09+00"
320,4,"2022-02-15 10:07:09+00"
265,12,"2022-02-15 10:07:09+00"
334,12,"2022-02-15 10:07:09+00"
272,6,"2022-02-15 10:07:09+00"
326,5,"2022-02-15 10:07:09+00"
332,14,"2022-02-15 10:07:09+00"
287,13,"2022-02-15 10:07:09+00"
276,16,"2022-02-15 10:07:09+00"
349,7,"2022-02-15 10:07:09+00"
347,4,"2022-02-15 10:07:09+00"
333,3,"2022-02-15 10:07:09+00"
288,15,"2022-02-15 10:07:09+00"
327,14,"2022-02-15 10:07:09+00"
258,15,"2022-02-15 10:07:09+00"
286,6,"2022-02-15 10:07:09+00"
353,3,"2022-02-15 10:07:09+00"
315,4,"2022-02-15 10:07:09+00"
330,12,"2022-02-15 10:07:09+00"
293,3,"2022-02-15 10:07:09+00"
350,10,"2022-02-15 10:07:09+00"
302,8,"2022-02-15 10:07:09+00"
316,12,"2022-02-15 10:07:09+00"
335,1,"2022-02-15 10:07:09+00"
314,12,"2022-02-15 10:07:09+00"
275,2,"2022-02-15 10:07:09+00"
284,9,"2022-02-15 10:07:09+00"
341,13,"2022-02-15 10:07:09+00"
348,2,"2022-02-15 10:07:09+00"
340,1,"2022-02-15 10:07:09+00"
318,1,"2022-02-15 10:07:09+00"
277,1,"2022-02-15 10:07:09+00"
261,11,"2022-02-15 10:07:09+00"
329,15,"2022-02-15 10:07:09+00"
343,9,"2022-02-15 10:07:09+00"
295,5,"2022-02-15 10:07:09+00"
324,5,"2022-02-15 10:07:09+00"
248,8,"2022-02-15 10:07:09+00"
260,4,"2022-02-15 10:07:09+00"
300,11,"2022-02-15 10:07:09+00"
319,10,"2022-02-15 10:07:09+00"
259,8,"2022-02-15 10:07:09+00"
338,14,"2022-02-15 10:07:09+00"
346,1,"2022-02-15 10:07:09+00"
339,3,"2022-02-15 10:07:09+00"
269,1,"2022-02-15 10:07:09+00"
256,10,"2022-02-15 10:07:09+00"
282,4,"2022-02-15 10:07:09+00"
297,7,"2022-02-15 10:07:09+00"
281,16,"2022-02-15 10:07:09+00"
321,9,"2022-02-15 10:07:09+00"
257,8,"2022-02-15 10:07:09+00"
273,15,"2022-02-15 10:07:09+00"
253,15,"2022-02-15 10:07:09+00"
312,11,"2022-02-15 10:07:09+00"
328,5,"2022-02-15 10:07:09+00"
303,16,"2022-02-15 10:07:09+00"
298,14,"2022-02-15 10:07:09+00"
296,5,"2022-02-15 10:07:09+00"
337,9,"2022-02-15 10:07:09+00"
283,6,"2022-02-15 10:07:09+00"
352,1,"2022-02-15 10:07:09+00"
254,9,"2022-02-15 10:07:09+00"
384,10,"2022-02-15 10:07:09+00"
344,6,"2022-02-15 10:07:09+00"
336,12,"2022-02-15 10:07:09+00"
331,13,"2022-02-15 10:07:09+00"
280,16,"2022-02-15 10:07:09+00"
317,2,"2022-02-15 10:07:09+00"
313,11,"2022-02-15 10:07:09+00"
345,9,"2022-02-15 10:07:09+00"
291,8,"2022-02-15 10:07:09+00"
271,15,"2022-02-15 10:07:09+00"
308,16,"2022-02-15 10:07:09+00"
250,14,"2022-02-15 10:07:09+00"
301,8,"2022-02-15 10:07:09+00"
305,14,"2022-02-15 10:07:09+00"
274,2,"2022-02-15 10:07:09+00"
285,2,"2022-02-15 10:07:09+00"
325,7,"2022-02-15 10:07:09+00"
278,7,"2022-02-15 10:07:09+00"
292,5,"2022-02-15 10:07:09+00"
290,13,"2022-02-15 10:07:09+00"
262,16,"2022-02-15 10:07:09+00"
311,10,"2022-02-15 10:07:09+00"
249,6,"2022-02-15 10:07:09+00"
252,2,"2022-02-15 10:07:09+00"
267,12,"2022-02-15 10:07:09+00"
270,13,"2022-02-15 10:07:09+00"
351,11,"2022-02-15 10:07:09+00"
268,14,"2022-02-15 10:07:09+00"
342,3,"2022-02-15 10:07:09+00"
309,16,"2022-02-15 10:07:09+00"
322,9,"2022-02-15 10:07:09+00"
263,11,"2022-02-15 10:07:09+00"
437,15,"2022-02-15 10:07:09+00"
374,8,"2022-02-15 10:07:09+00"
427,2,"2022-02-15 10:07:09+00"
420,7,"2022-02-15 10:07:09+00"
432,15,"2022-02-15 10:07:09+00"
383,14,"2022-02-15 10:07:09+00"
359,13,"2022-02-15 10:07:09+00"
363,14,"2022-02-15 10:07:09+00"
365,6,"2022-02-15 10:07:09+00"
418,15,"2022-02-15 10:07:09+00"
411,12,"2022-02-15 10:07:09+00"
413,6,"2022-02-15 10:07:09+00"
444,8,"2022-02-15 10:07:09+00"
454,13,"2022-02-15 10:07:09+00"
429,1,"2022-02-15 10:07:09+00"
417,14,"2022-02-15 10:07:09+00"
450,1,"2022-02-15 10:07:09+00"
448,4,"2022-02-15 10:07:09+00"
459,5,"2022-02-15 10:07:09+00"
395,5,"2022-02-15 10:07:09+00"
431,10,"2022-02-15 10:07:09+00"
403,1,"2022-02-15 10:07:09+00"
371,4,"2022-02-15 10:07:09+00"
401,12,"2022-02-15 10:07:09+00"
379,6,"2022-02-15 10:07:09+00"
412,15,"2022-02-15 10:07:09+00"
414,8,"2022-02-15 10:07:09+00"
378,3,"2022-02-15 10:07:09+00"
368,5,"2022-02-15 10:07:09+00"
410,9,"2022-02-15 10:07:09+00"
372,14,"2022-02-15 10:07:09+00"
391,15,"2022-02-15 10:07:09+00"
356,4,"2022-02-15 10:07:09+00"
409,3,"2022-02-15 10:07:09+00"
408,1,"2022-02-15 10:07:09+00"
357,8,"2022-02-15 10:07:09+00"
447,11,"2022-02-15 10:07:09+00"
419,7,"2022-02-15 10:07:09+00"
440,14,"2022-02-15 10:07:09+00"
435,5,"2022-02-15 10:07:09+00"
442,3,"2022-02-15 10:07:09+00"
400,12,"2022-02-15 10:07:09+00"
461,4,"2022-02-15 10:07:09+00"
354,2,"2022-02-15 10:07:09+00"
424,1,"2022-02-15 10:07:09+00"
362,3,"2022-02-15 10:07:09+00"
436,7,"2022-02-15 10:07:09+00"
381,2,"2022-02-15 10:07:09+00"
439,4,"2022-02-15 10:07:09+00"
402,3,"2022-02-15 10:07:09+00"
406,13,"2022-02-15 10:07:09+00"
433,16,"2022-02-15 10:07:09+00"
415,10,"2022-02-15 10:07:09+00"
398,5,"2022-02-15 10:07:09+00"
380,12,"2022-02-15 10:07:09+00"
446,6,"2022-02-15 10:07:09+00"
361,11,"2022-02-15 10:07:09+00"
358,11,"2022-02-15 10:07:09+00"
376,6,"2022-02-15 10:07:09+00"
449,1,"2022-02-15 10:07:09+00"
399,16,"2022-02-15 10:07:09+00"
367,12,"2022-02-15 10:07:09+00"
426,7,"2022-02-15 10:07:09+00"
394,10,"2022-02-15 10:07:09+00"
355,16,"2022-02-15 10:07:09+00"
364,10,"2022-02-15 10:07:09+00"
421,15,"2022-02-15 10:07:09+00"
458,7,"2022-02-15 10:07:09+00"
405,9,"2022-02-15 10:07:09+00"
387,7,"2022-02-15 10:07:09+00"
392,4,"2022-02-15 10:07:09+00"
422,13,"2022-02-15 10:07:09+00"
453,9,"2022-02-15 10:07:09+00"
360,16,"2022-02-15 10:07:09+00"
455,4,"2022-02-15 10:07:09+00"
445,10,"2022-02-15 10:07:09+00"
377,12,"2022-02-15 10:07:09+00"
388,13,"2022-02-15 10:07:09+00"
438,11,"2022-02-15 10:07:09+00"
430,16,"2022-02-15 10:07:09+00"
460,2,"2022-02-15 10:07:09+00"
452,11,"2022-02-15 10:07:09+00"
390,9,"2022-02-15 10:07:09+00"
369,6,"2022-02-15 10:07:09+00"
366,12,"2022-02-15 10:07:09+00"
397,7,"2022-02-15 10:07:09+00"
389,5,"2022-02-15 10:07:09+00"
456,5,"2022-02-15 10:07:09+00"
375,6,"2022-02-15 10:07:09+00"
434,14,"2022-02-15 10:07:09+00"
386,10,"2022-02-15 10:07:09+00"
373,11,"2022-02-15 10:07:09+00"
425,16,"2022-02-15 10:07:09+00"
443,9,"2022-02-15 10:07:09+00"
370,8,"2022-02-15 10:07:09+00"
529,16,"2022-02-15 10:07:09+00"
670,14,"2022-02-15 10:07:09+00"
491,3,"2022-02-15 10:07:09+00"
487,7,"2022-02-15 10:07:09+00"
471,3,"2022-02-15 10:07:09+00"
478,10,"2022-02-15 10:07:09+00"
474,12,"2022-02-15 10:07:09+00"
526,16,"2022-02-15 10:07:09+00"
532,4,"2022-02-15 10:07:09+00"
563,4,"2022-02-15 10:07:09+00"
508,6,"2022-02-15 10:07:09+00"
473,16,"2022-02-15 10:07:09+00"
555,2,"2022-02-15 10:07:09+00"
464,13,"2022-02-15 10:07:09+00"
560,8,"2022-02-15 10:07:09+00"
566,15,"2022-02-15 10:07:09+00"
470,15,"2022-02-15 10:07:09+00"
468,7,"2022-02-15 10:07:09+00"
482,7,"2022-02-15 10:07:09+00"
494,8,"2022-02-15 10:07:09+00"
502,11,"2022-02-15 10:07:09+00"
518,15,"2022-02-15 10:07:09+00"
533,16,"2022-02-15 10:07:09+00"
565,5,"2022-02-15 10:07:09+00"
530,9,"2022-02-15 10:07:09+00"
483,1,"2022-02-15 10:07:09+00"
484,6,"2022-02-15 10:07:09+00"
542,2,"2022-02-15 10:07:09+00"
488,12,"2022-02-15 10:07:09+00"
503,11,"2022-02-15 10:07:09+00"
524,15,"2022-02-15 10:07:09+00"
504,14,"2022-02-15 10:07:09+00"
499,9,"2022-02-15 10:07:09+00"
469,1,"2022-02-15 10:07:09+00"
556,3,"2022-02-15 10:07:09+00"
